datetime,site_name,county,site_name_display,county_display,aqi,pm25,target_next_hour_aqi,actual_next_hour_aqi,pred_moving_average,pred_linear_regression,pred_random_forest,predicted_next_hour_aqi
2026-07-22 23:00:00,西屯測站,臺中市,西屯測站,臺中市,65.4,41.2,69.2,69.2,62.867,66.115,65.144,65.144
2026-07-22 23:00:00,板橋測站,新北市,板橋測站,新北市,55.1,38.5,55.9,55.9,61.3,60.046,58.431,58.431
2026-07-22 23:00:00,花蓮測站,花蓮縣,花蓮測站,花蓮縣,30.6,18.9,42.5,42.5,37.1,35.661,34.448,34.448
2026-07-22 23:00:00,宜蘭測站,宜蘭縣,宜蘭測站,宜蘭縣,41.6,23.5,33.0,33.0,36.767,39.237,32.804,32.804
2026-07-22 23:00:00,前金測站,高雄市,前金測站,高雄市,72.1,50.1,72.5,72.5,76.133,74.844,73.0,73.0
2026-07-22 23:00:00,松山測站,臺北市,松山測站,臺北市,54.5,33.7,49.9,49.9,60.433,57.694,58.609,58.609
2026-07-22 23:00:00,安南測站,臺南市,安南測站,臺南市,71.2,48.0,76.4,76.4,70.567,72.612,71.742,71.742
2026-07-22 23:00:00,桃園測站,桃園市,桃園測站,桃園市,60.8,39.1,54.4,54.4,65.867,63.723,64.027,64.027
2026-07-23 00:00:00,板橋測站,新北市,板橋測站,新北市,55.9,26.6,57.8,57.8,56.667,55.983,57.688,57.688
2026-07-23 00:00:00,前金測站,高雄市,前金測站,高雄市,72.5,53.5,77.7,77.7,74.0,75.285,73.197,73.197
2026-07-23 00:00:00,松山測站,臺北市,松山測站,臺北市,49.9,31.7,50.8,50.8,57.067,56.355,54.584,54.584
2026-07-23 00:00:00,桃園測站,桃園市,桃園測站,桃園市,54.4,38.9,67.4,67.4,64.033,62.985,62.34,62.34
2026-07-23 00:00:00,花蓮測站,花蓮縣,花蓮測站,花蓮縣,42.5,19.6,35.6,35.6,33.2,37.95,37.561,37.561
2026-07-23 00:00:00,宜蘭測站,宜蘭縣,宜蘭測站,宜蘭縣,33.0,19.7,34.5,34.5,36.633,35.101,35.168,35.168
2026-07-23 00:00:00,西屯測站,臺中市,西屯測站,臺中市,69.2,42.6,68.3,68.3,65.6,66.703,65.738,65.738
2026-07-23 00:00:00,安南測站,臺南市,安南測站,臺南市,76.4,52.1,81.9,81.9,69.467,73.799,73.047,73.047
2026-07-23 01:00:00,桃園測站,桃園市,桃園測站,桃園市,67.4,38.3,63.4,63.4,60.2,66.614,62.804,62.804
2026-07-23 01:00:00,前金測站,高雄市,前金測站,高雄市,77.7,48.0,64.5,64.5,72.133,79.0,74.058,74.058
2026-07-23 01:00:00,板橋測站,新北市,板橋測站,新北市,57.8,30.2,53.5,53.5,54.233,58.849,56.235,56.235
2026-07-23 01:00:00,安南測站,臺南市,安南測站,臺南市,81.9,47.5,68.0,68.0,71.167,78.174,74.445,74.445
2026-07-23 01:00:00,宜蘭測站,宜蘭縣,宜蘭測站,宜蘭縣,34.5,24.7,38.0,38.0,33.733,37.117,36.96,36.96
2026-07-23 01:00:00,松山測站,臺北市,松山測站,臺北市,50.8,36.2,64.1,64.1,54.533,57.29,56.528,56.528
2026-07-23 01:00:00,花蓮測站,花蓮縣,花蓮測站,花蓮縣,35.6,23.7,29.3,29.3,36.867,38.496,35.864,35.864
2026-07-23 01:00:00,西屯測站,臺中市,西屯測站,臺中市,68.3,42.6,62.0,62.0,64.9,69.093,67.781,67.781
2026-07-23 02:00:00,板橋測站,新北市,板橋測站,新北市,53.5,28.7,50.8,50.8,56.267,58.155,56.106,56.106
2026-07-23 02:00:00,花蓮測站,花蓮縣,花蓮測站,花蓮縣,29.3,20.1,37.9,37.9,36.233,37.077,34.45,34.45
2026-07-23 02:00:00,桃園測站,桃園市,桃園測站,桃園市,63.4,44.0,66.3,66.3,60.867,68.293,62.512,62.512
2026-07-23 02:00:00,松山測站,臺北市,松山測站,臺北市,64.1,35.2,48.1,48.1,51.733,59.529,62.967,62.967
2026-07-23 02:00:00,西屯測站,臺中市,西屯測站,臺中市,62.0,38.6,68.2,68.2,67.633,68.606,66.759,66.759
2026-07-23 02:00:00,前金測站,高雄市,前金測站,高雄市,64.5,43.8,76.9,76.9,74.1,77.422,72.942,72.942
2026-07-23 02:00:00,宜蘭測站,宜蘭縣,宜蘭測站,宜蘭縣,38.0,22.6,31.7,31.7,36.367,40.451,39.044,39.044
2026-07-23 02:00:00,安南測站,臺南市,安南測站,臺南市,68.0,33.5,76.4,76.4,76.5,76.085,74.536,74.536
2026-07-23 03:00:00,安南測站,臺南市,安南測站,臺南市,76.4,48.2,76.2,76.2,75.433,76.874,76.47,76.47
2026-07-23 03:00:00,板橋測站,新北市,板橋測站,新北市,50.8,27.5,58.8,58.8,55.733,56.409,54.789,54.789
2026-07-23 03:00:00,宜蘭測站,宜蘭縣,宜蘭測站,宜蘭縣,31.7,16.6,35.1,35.1,35.167,40.062,38.165,38.165
2026-07-23 03:00:00,松山測站,臺北市,松山測站,臺北市,48.1,31.9,53.2,53.2,54.933,59.105,56.316,56.316
2026-07-23 03:00:00,西屯測站,臺中市,西屯測站,臺中市,68.2,36.2,66.4,66.4,66.5,68.761,67.189,67.189
2026-07-23 03:00:00,花蓮測站,花蓮縣,花蓮測站,花蓮縣,37.9,20.4,42.2,42.2,35.8,38.894,36.609,36.609
2026-07-23 03:00:00,桃園測站,桃園市,桃園測站,桃園市,66.3,37.4,53.1,53.1,61.733,70.939,68.254,68.254
2026-07-23 03:00:00,前金測站,高雄市,前金測站,高雄市,76.9,48.7,83.7,83.7,71.567,78.894,76.088,76.088
2026-07-23 04:00:00,松山測站,臺北市,松山測站,臺北市,53.2,27.2,58.1,58.1,54.333,58.593,58.295,58.295
2026-07-23 04:00:00,前金測站,高雄市,前金測站,高雄市,83.7,54.2,81.3,81.3,73.033,82.63,81.398,81.398
2026-07-23 04:00:00,西屯測站,臺中市,西屯測站,臺中市,66.4,40.7,72.3,72.3,66.167,69.846,70.021,70.021
2026-07-23 04:00:00,桃園測站,桃園市,桃園測站,桃園市,53.1,33.0,65.0,65.0,65.7,64.678,63.934,63.934
2026-07-23 04:00:00,宜蘭測站,宜蘭縣,宜蘭測站,宜蘭縣,35.1,19.2,39.3,39.3,34.733,39.099,35.842,35.842
2026-07-23 04:00:00,花蓮測站,花蓮縣,花蓮測站,花蓮縣,42.2,21.4,53.8,53.8,34.267,41.189,41.984,41.984
2026-07-23 04:00:00,安南測站,臺南市,安南測站,臺南市,76.2,43.9,72.6,72.6,75.433,77.271,77.548,77.548
2026-07-23 04:00:00,板橋測站,新北市,板橋測站,新北市,58.8,34.6,58.0,58.0,54.033,60.37,57.888,57.888
2026-07-23 05:00:00,板橋測站,新北市,板橋測站,新北市,58.0,35.3,57.0,57.0,54.367,60.281,60.227,60.227
2026-07-23 05:00:00,松山測站,臺北市,松山測站,臺北市,58.1,31.9,52.7,52.7,55.133,59.399,58.402,58.402
2026-07-23 05:00:00,花蓮測站,花蓮縣,花蓮測站,花蓮縣,53.8,25.4,45.4,45.4,36.467,44.6,44.555,44.555
2026-07-23 05:00:00,安南測站,臺南市,安南測站,臺南市,72.6,43.9,75.8,75.8,73.533,74.75,76.928,76.928
2026-07-23 05:00:00,桃園測站,桃園市,桃園測站,桃園市,65.0,33.4,74.7,74.7,60.933,66.9,67.627,67.627
2026-07-23 05:00:00,宜蘭測站,宜蘭縣,宜蘭測站,宜蘭縣,39.3,17.7,43.2,43.2,34.933,38.799,39.309,39.309
2026-07-23 05:00:00,前金測站,高雄市,前金測站,高雄市,81.3,50.4,82.2,82.2,75.033,83.288,83.304,83.304
2026-07-23 05:00:00,西屯測站,臺中市,西屯測站,臺中市,72.3,42.0,71.2,71.2,65.533,70.587,72.224,72.224
2026-07-23 06:00:00,松山測站,臺北市,松山測站,臺北市,52.7,33.6,58.4,58.4,53.133,58.268,58.011,58.011
2026-07-23 06:00:00,桃園測站,桃園市,桃園測站,桃園市,74.7,39.1,76.9,76.9,61.467,69.18,67.837,67.837
2026-07-23 06:00:00,安南測站,臺南市,安南測站,臺南市,75.8,41.0,89.1,89.1,75.067,75.184,76.578,76.578
2026-07-23 06:00:00,花蓮測站,花蓮縣,花蓮測站,花蓮縣,45.4,23.9,48.7,48.7,44.633,44.36,48.115,48.115
2026-07-23 06:00:00,宜蘭測站,宜蘭縣,宜蘭測站,宜蘭縣,43.2,27.6,52.6,52.6,35.367,42.412,43.491,43.491
2026-07-23 06:00:00,西屯測站,臺中市,西屯測站,臺中市,71.2,35.8,68.8,68.8,68.967,70.06,74.464,74.464
2026-07-23 06:00:00,前金測站,高雄市,前金測站,高雄市,82.2,60.2,87.3,87.3,80.633,83.316,84.543,84.543
2026-07-23 06:00:00,板橋測站,新北市,板橋測站,新北市,57.0,32.5,68.9,68.9,55.867,60.141,62.31,62.31
2026-07-23 07:00:00,前金測站,高雄市,前金測站,高雄市,87.3,48.1,94.1,94.1,82.4,82.74,84.787,84.787
2026-07-23 07:00:00,桃園測站,桃園市,桃園測站,桃園市,76.9,39.7,69.0,69.0,64.267,71.037,72.066,72.066
2026-07-23 07:00:00,板橋測站,新北市,板橋測站,新北市,68.9,38.7,79.2,79.2,57.933,64.402,63.105,63.105
2026-07-23 07:00:00,安南測站,臺南市,安南測站,臺南市,89.1,48.9,87.0,87.0,74.867,79.235,84.549,84.549
2026-07-23 07:00:00,松山測站,臺北市,松山測站,臺北市,58.4,29.2,70.0,70.0,54.667,57.812,59.012,59.012
2026-07-23 07:00:00,宜蘭測站,宜蘭縣,宜蘭測站,宜蘭縣,52.6,26.8,39.9,39.9,39.2,45.944,47.925,47.925
2026-07-23 07:00:00,花蓮測站,花蓮縣,花蓮測站,花蓮縣,48.7,27.3,45.4,45.4,47.133,45.352,49.414,49.414
2026-07-23 07:00:00,西屯測站,臺中市,西屯測站,臺中市,68.8,41.4,74.0,74.0,69.967,69.35,71.663,71.663
2026-07-23 08:00:00,前金測站,高雄市,前金測站,高雄市,94.1,51.9,96.7,96.7,83.6,85.808,85.782,85.782
2026-07-23 08:00:00,宜蘭測站,宜蘭縣,宜蘭測站,宜蘭縣,39.9,23.3,41.7,41.7,45.033,42.115,43.76,43.76
2026-07-23 08:00:00,西屯測站,臺中市,西屯測站,臺中市,74.0,36.0,76.6,76.6,70.767,68.967,74.342,74.342
2026-07-23 08:00:00,松山測站,臺北市,松山測站,臺北市,70.0,37.2,63.3,63.3,56.4,62.898,62.382,62.382
2026-07-23 08:00:00,桃園測站,桃園市,桃園測站,桃園市,69.0,34.5,69.8,69.8,72.2,68.188,71.953,71.953
2026-07-23 08:00:00,安南測站,臺南市,安南測站,臺南市,87.0,47.3,89.2,89.2,79.167,81.801,83.577,83.577
2026-07-23 08:00:00,花蓮測站,花蓮縣,花蓮測站,花蓮縣,45.4,22.3,53.2,53.2,49.3,43.769,48.535,48.535
2026-07-23 08:00:00,板橋測站,新北市,板橋測站,新北市,79.2,40.8,69.3,69.3,61.3,67.799,67.087,67.087
2026-07-23 09:00:00,松山測站,臺北市,松山測站,臺北市,63.3,37.1,55.1,55.1,60.367,62.842,61.222,61.222
2026-07-23 09:00:00,前金測站,高雄市,前金測站,高雄市,96.7,53.6,80.6,80.6,87.867,86.683,84.522,84.522
2026-07-23 09:00:00,安南測站,臺南市,安南測站,臺南市,89.2,51.3,78.3,78.3,83.967,81.598,79.874,79.874
2026-07-23 09:00:00,桃園測站,桃園市,桃園測站,桃園市,69.8,40.3,76.2,76.2,73.533,67.248,68.567,68.567
2026-07-23 09:00:00,宜蘭測站,宜蘭縣,宜蘭測站,宜蘭縣,41.7,26.7,40.3,40.3,45.233,41.267,41.428,41.428
2026-07-23 09:00:00,板橋測站,新北市,板橋測站,新北市,69.3,38.5,61.7,61.7,68.367,66.027,65.838,65.838
2026-07-23 09:00:00,西屯測站,臺中市,西屯測站,臺中市,76.6,44.0,68.7,68.7,71.333,70.22,71.667,71.667
2026-07-23 09:00:00,花蓮測站,花蓮縣,花蓮測站,花蓮縣,53.2,25.5,49.0,49.0,46.5,44.023,42.805,42.805
2026-07-23 10:00:00,前金測站,高雄市,前金測站,高雄市,80.6,47.1,87.5,87.5,92.7,81.142,83.571,83.571
2026-07-23 10:00:00,安南測站,臺南市,安南測站,臺南市,78.3,44.6,67.7,67.7,88.433,78.687,76.432,76.432
2026-07-23 10:00:00,宜蘭測站,宜蘭縣,宜蘭測站,宜蘭縣,40.3,18.7,45.1,45.1,44.733,39.089,42.521,42.521
2026-07-23 10:00:00,板橋測站,新北市,板橋測站,新北市,61.7,32.4,55.4,55.4,72.467,61.584,60.464,60.464
2026-07-23 10:00:00,花蓮測站,花蓮縣,花蓮測站,花蓮縣,49.0,20.7,26.1,26.1,49.1,42.599,43.744,43.744
2026-07-23 10:00:00,西屯測站,臺中市,西屯測站,臺中市,68.7,40.2,63.4,63.4,73.133,69.564,66.206,66.206
2026-07-23 10:00:00,桃園測站,桃園市,桃園測站,桃園市,76.2,41.0,71.9,71.9,71.9,68.782,66.807,66.807
2026-07-23 10:00:00,松山測站,臺北市,松山測站,臺北市,55.1,29.4,60.6,60.6,63.9,58.581,55.422,55.422
2026-07-23 11:00:00,前金測站,高雄市,前金測站,高雄市,87.5,49.0,81.0,81.0,90.467,81.7,83.063,83.063
2026-07-23 11:00:00,安南測站,臺南市,安南測站,臺南市,67.7,42.1,77.1,77.1,84.833,74.757,72.747,72.747
2026-07-23 11:00:00,松山測站,臺北市,松山測站,臺北市,60.6,33.4,58.9,58.9,62.8,58.129,56.183,56.183
2026-07-23 11:00:00,花蓮測站,花蓮縣,花蓮測站,花蓮縣,26.1,15.4,40.9,40.9,49.2,36.15,40.078,40.078
2026-07-23 11:00:00,桃園測站,桃園市,桃園測站,桃園市,71.9,34.1,65.3,65.3,71.667,66.206,66.653,66.653
2026-07-23 11:00:00,宜蘭測站,宜蘭縣,宜蘭測站,宜蘭縣,45.1,21.9,36.9,36.9,40.633,40.426,41.627,41.627
2026-07-23 11:00:00,板橋測站,新北市,板橋測站,新北市,55.4,30.9,56.2,56.2,70.067,57.64,60.26,60.26
2026-07-23 11:00:00,西屯測站,臺中市,西屯測站,臺中市,63.4,36.2,70.0,70.0,73.1,66.445,65.125,65.125
2026-07-23 12:00:00,安南測站,臺南市,安南測站,臺南市,77.1,42.3,70.1,70.1,78.4,74.3,74.463,74.463
2026-07-23 12:00:00,花蓮測站,花蓮縣,花蓮測站,花蓮縣,40.9,26.2,30.4,30.4,42.767,38.866,40.996,40.996
2026-07-23 12:00:00,宜蘭測站,宜蘭縣,宜蘭測站,宜蘭縣,36.9,19.2,38.5,38.5,42.367,38.176,40.04,40.04
2026-07-23 12:00:00,松山測站,臺北市,松山測站,臺北市,58.9,32.2,55.6,55.6,59.667,57.747,59.623,59.623
2026-07-23 12:00:00,西屯測站,臺中市,西屯測站,臺中市,70.0,40.8,68.2,68.2,69.567,68.137,66.96,66.96
2026-07-23 12:00:00,板橋測站,新北市,板橋測站,新北市,56.2,34.3,67.0,67.0,62.133,56.195,57.929,57.929
2026-07-23 12:00:00,前金測站,高雄市,前金測站,高雄市,81.0,47.8,76.3,76.3,88.267,79.652,80.646,80.646
2026-07-23 12:00:00,桃園測站,桃園市,桃園測站,桃園市,65.3,35.1,69.1,69.1,72.633,64.433,64.476,64.476
2026-07-23 13:00:00,安南測站,臺南市,安南測站,臺南市,70.1,43.2,69.6,69.6,74.367,72.273,73.849,73.849
2026-07-23 13:00:00,松山測站,臺北市,松山測站,臺北市,55.6,30.3,51.7,51.7,58.2,55.516,58.102,58.102
2026-07-23 13:00:00,前金測站,高雄市,前金測站,高雄市,76.3,45.7,89.4,89.4,83.033,77.556,80.401,80.401
2026-07-23 13:00:00,宜蘭測站,宜蘭縣,宜蘭測站,宜蘭縣,38.5,27.5,37.9,37.9,40.767,37.999,38.754,38.754
2026-07-23 13:00:00,板橋測站,新北市,板橋測站,新北市,67.0,37.5,62.9,62.9,57.767,58.473,63.192,63.192
2026-07-23 13:00:00,西屯測站,臺中市,西屯測站,臺中市,68.2,42.3,67.1,67.1,67.367,68.264,69.776,69.776
2026-07-23 13:00:00,花蓮測站,花蓮縣,花蓮測站,花蓮縣,30.4,15.9,46.3,46.3,38.667,36.609,38.253,38.253
2026-07-23 13:00:00,桃園測站,桃園市,桃園測站,桃園市,69.1,38.8,74.6,74.6,71.133,65.43,68.548,68.548
2026-07-23 14:00:00,板橋測站,新北市,板橋測站,新北市,62.9,34.8,62.0,62.0,59.533,60.032,61.001,61.001
2026-07-23 14:00:00,西屯測站,臺中市,西屯測站,臺中市,67.1,42.0,69.9,69.9,67.2,67.575,71.533,71.533
2026-07-23 14:00:00,宜蘭測站,宜蘭縣,宜蘭測站,宜蘭縣,37.9,18.9,41.6,41.6,40.167,39.552,41.261,41.261
2026-07-23 14:00:00,桃園測站,桃園市,桃園測站,桃園市,74.6,39.8,63.1,63.1,68.767,69.171,66.647,66.647
2026-07-23 14:00:00,前金測站,高雄市,前金測站,高雄市,89.4,50.6,85.9,85.9,81.6,81.18,85.17,85.17
2026-07-23 14:00:00,花蓮測站,花蓮縣,花蓮測站,花蓮縣,46.3,27.0,40.5,40.5,32.467,42.281,41.622,41.622
2026-07-23 14:00:00,安南測站,臺南市,安南測站,臺南市,69.6,45.5,79.2,79.2,71.633,72.905,73.751,73.751
2026-07-23 14:00:00,松山測站,臺北市,松山測站,臺北市,51.7,35.3,56.6,56.6,58.367,54.284,54.093,54.093
2026-07-23 15:00:00,宜蘭測站,宜蘭縣,宜蘭測站,宜蘭縣,41.6,22.9,40.8,40.8,37.767,40.296,42.465,42.465
2026-07-23 15:00:00,桃園測站,桃園市,桃園測站,桃園市,63.1,42.0,73.1,73.1,69.667,67.303,65.904,65.904
2026-07-23 15:00:00,前金測站,高雄市,前金測站,高雄市,85.9,55.7,84.5,84.5,82.233,85.006,85.823,85.823
2026-07-23 15:00:00,西屯測站,臺中市,西屯測站,臺中市,69.9,41.1,72.2,72.2,68.433,69.073,71.1,71.1
2026-07-23 15:00:00,花蓮測站,花蓮縣,花蓮測站,花蓮縣,40.5,27.1,41.4,41.4,39.2,43.535,44.4,44.4
2026-07-23 15:00:00,板橋測站,新北市,板橋測站,新北市,62.0,30.9,62.7,62.7,62.033,61.619,62.071,62.071
2026-07-23 15:00:00,安南測站,臺南市,安南測站,臺南市,79.2,45.1,79.3,79.3,72.267,76.666,79.003,79.003
2026-07-23 15:00:00,松山測站,臺北市,松山測站,臺北市,56.6,30.5,59.1,59.1,55.4,55.907,57.662,57.662
2026-07-23 16:00:00,宜蘭測站,宜蘭縣,宜蘭測站,宜蘭縣,40.8,24.0,36.6,36.6,39.333,41.94,43.183,43.183
2026-07-23 16:00:00,板橋測站,新北市,板橋測站,新北市,62.7,32.2,69.7,69.7,63.967,62.269,63.048,63.048
2026-07-23 16:00:00,安南測站,臺南市,安南測站,臺南市,79.3,46.1,90.3,90.3,72.967,79.963,78.388,78.388
2026-07-23 16:00:00,松山測站,臺北市,松山測站,臺北市,59.1,31.3,66.8,66.8,54.633,58.107,58.707,58.707
2026-07-23 16:00:00,西屯測站,臺中市,西屯測站,臺中市,72.2,44.8,80.7,80.7,68.4,72.436,71.876,71.876
2026-07-23 16:00:00,桃園測站,桃園市,桃園測站,桃園市,73.1,35.7,83.6,83.6,68.933,68.998,69.122,69.122
2026-07-23 16:00:00,花蓮測站,花蓮縣,花蓮測站,花蓮縣,41.4,25.3,50.2,50.2,39.067,45.047,45.189,45.189
2026-07-23 16:00:00,前金測站,高雄市,前金測站,高雄市,84.5,57.6,91.2,91.2,83.867,87.414,85.883,85.883
2026-07-23 17:00:00,宜蘭測站,宜蘭縣,宜蘭測站,宜蘭縣,36.6,22.3,49.3,49.3,40.1,40.321,41.883,41.883
2026-07-23 17:00:00,松山測站,臺北市,松山測站,臺北市,66.8,33.9,67.8,67.8,55.8,61.207,63.791,63.791
2026-07-23 17:00:00,西屯測站,臺中市,西屯測站,臺中市,80.7,38.6,77.2,77.2,69.733,74.377,73.826,73.826
2026-07-23 17:00:00,前金測站,高雄市,前金測站,高雄市,91.2,54.8,90.6,90.6,86.6,88.379,91.167,91.167
2026-07-23 17:00:00,板橋測站,新北市,板橋測站,新北市,69.7,33.3,61.7,61.7,62.533,65.202,68.6,68.6
2026-07-23 17:00:00,安南測站,臺南市,安南測站,臺南市,90.3,44.3,83.3,83.3,76.033,83.048,82.056,82.056
2026-07-23 17:00:00,花蓮測站,花蓮縣,花蓮測站,花蓮縣,50.2,14.4,38.3,38.3,42.733,47.663,46.973,46.973
2026-07-23 17:00:00,桃園測站,桃園市,桃園測站,桃園市,83.6,41.2,78.0,78.0,70.267,74.197,75.776,75.776
2026-07-23 18:00:00,安南測站,臺南市,安南測站,臺南市,83.3,48.6,84.2,84.2,82.933,81.984,84.021,84.021
2026-07-23 18:00:00,花蓮測站,花蓮縣,花蓮測站,花蓮縣,38.3,21.8,51.0,51.0,44.033,43.035,39.904,39.904
2026-07-23 18:00:00,前金測站,高雄市,前金測站,高雄市,90.6,45.2,92.3,92.3,87.2,88.958,88.095,88.095
2026-07-23 18:00:00,宜蘭測站,宜蘭縣,宜蘭測站,宜蘭縣,49.3,23.0,46.4,46.4,39.667,44.536,43.018,43.018
2026-07-23 18:00:00,桃園測站,桃園市,桃園測站,桃園市,78.0,43.5,71.3,71.3,73.267,74.995,75.643,75.643
2026-07-23 18:00:00,西屯測站,臺中市,西屯測站,臺中市,77.2,44.0,80.5,80.5,74.267,73.728,73.718,73.718
2026-07-23 18:00:00,板橋測站,新北市,板橋測站,新北市,61.7,36.3,75.6,75.6,64.8,63.626,62.454,62.454
2026-07-23 18:00:00,松山測站,臺北市,松山測站,臺北市,67.8,30.6,72.2,72.2,60.833,62.025,59.762,59.762
2026-07-23 19:00:00,安南測站,臺南市,安南測站,臺南市,84.2,45.1,81.4,81.4,84.3,82.244,80.436,80.436
2026-07-23 19:00:00,桃園測站,桃園市,桃園測站,桃園市,71.3,46.6,71.8,71.8,78.233,73.355,73.068,73.068
2026-07-23 19:00:00,前金測站,高雄市,前金測站,高雄市,92.3,52.6,90.9,90.9,88.767,89.261,89.769,89.769
2026-07-23 19:00:00,西屯測站,臺中市,西屯測站,臺中市,80.5,44.8,66.7,66.7,76.7,75.564,75.46,75.46
2026-07-23 19:00:00,板橋測站,新北市,板橋測站,新北市,75.6,41.9,57.8,57.8,64.7,66.952,67.679,67.679
2026-07-23 19:00:00,宜蘭測站,宜蘭縣,宜蘭測站,宜蘭縣,46.4,27.7,43.7,43.7,42.233,45.016,44.707,44.707
2026-07-23 19:00:00,花蓮測站,花蓮縣,花蓮測站,花蓮縣,51.0,25.5,41.9,41.9,43.3,44.987,43.694,43.694
2026-07-23 19:00:00,松山測站,臺北市,松山測站,臺北市,72.2,33.5,62.6,62.6,64.567,65.263,65.135,65.135
2026-07-23 20:00:00,安南測站,臺南市,安南測站,臺南市,81.4,44.6,74.2,74.2,85.933,79.005,77.394,77.394
2026-07-23 20:00:00,宜蘭測站,宜蘭縣,宜蘭測站,宜蘭縣,43.7,20.3,48.0,48.0,44.1,43.099,39.747,39.747
2026-07-23 20:00:00,桃園測站,桃園市,桃園測站,桃園市,71.8,40.3,75.3,75.3,77.633,69.597,71.249,71.249
2026-07-23 20:00:00,板橋測站,新北市,板橋測站,新北市,57.8,34.1,60.1,60.1,69.0,63.149,63.458,63.458
2026-07-23 20:00:00,花蓮測站,花蓮縣,花蓮測站,花蓮縣,41.9,19.6,46.7,46.7,46.5,41.355,41.308,41.308
2026-07-23 20:00:00,西屯測站,臺中市,西屯測站,臺中市,66.7,39.1,77.0,77.0,79.467,70.202,70.01,70.01
2026-07-23 20:00:00,前金測站,高雄市,前金測站,高雄市,90.9,58.7,93.7,93.7,91.367,88.346,89.591,89.591
2026-07-23 20:00:00,松山測站,臺北市,松山測站,臺北市,62.6,37.8,59.7,59.7,68.933,62.953,60.459,60.459
2026-07-23 21:00:00,宜蘭測站,宜蘭縣,宜蘭測站,宜蘭縣,48.0,22.6,35.6,35.6,46.467,43.05,40.195,40.195
2026-07-23 21:00:00,西屯測站,臺中市,西屯測站,臺中市,77.0,41.8,68.6,68.6,74.8,71.108,67.288,67.288
2026-07-23 21:00:00,松山測站,臺北市,松山測站,臺北市,59.7,24.4,56.6,56.6,67.533,58.319,56.805,56.805
2026-07-23 21:00:00,花蓮測站,花蓮縣,花蓮測站,花蓮縣,46.7,24.1,44.7,44.7,43.733,43.585,41.799,41.799
2026-07-23 21:00:00,前金測站,高雄市,前金測站,高雄市,93.7,53.1,87.2,87.2,91.267,88.69,88.36,88.36
2026-07-23 21:00:00,桃園測站,桃園市,桃園測站,桃園市,75.3,40.0,76.5,76.5,73.7,71.371,69.316,69.316
2026-07-23 21:00:00,安南測站,臺南市,安南測站,臺南市,74.2,43.3,76.6,76.6,82.967,75.634,76.612,76.612
2026-07-23 21:00:00,板橋測站,新北市,板橋測站,新北市,60.1,35.8,61.7,61.7,65.033,62.114,60.388,60.388
2026-07-23 22:00:00,宜蘭測站,宜蘭縣,宜蘭測站,宜蘭縣,35.6,18.0,41.3,41.3,46.033,40.702,38.671,38.671
2026-07-23 22:00:00,西屯測站,臺中市,西屯測站,臺中市,68.6,39.5,75.9,75.9,74.733,69.135,67.244,67.244
2026-07-23 22:00:00,花蓮測站,花蓮縣,花蓮測站,花蓮縣,44.7,26.2,45.6,45.6,46.533,42.441,41.124,41.124
2026-07-23 22:00:00,安南測站,臺南市,安南測站,臺南市,76.6,44.4,74.6,74.6,79.933,74.632,72.264,72.264
2026-07-23 22:00:00,板橋測站,新北市,板橋測站,新北市,61.7,40.0,59.6,59.6,64.5,60.483,61.567,61.567
2026-07-23 22:00:00,前金測站,高雄市,前金測站,高雄市,87.2,50.0,80.2,80.2,92.3,86.231,88.188,88.188
2026-07-23 22:00:00,松山測站,臺北市,松山測站,臺北市,56.6,31.7,49.6,49.6,64.833,56.453,59.142,59.142
2026-07-23 22:00:00,桃園測站,桃園市,桃園測站,桃園市,76.5,35.2,57.0,57.0,72.8,71.85,67.695,67.695
2026-07-23 23:00:00,板橋測站,新北市,板橋測站,新北市,59.6,35.0,66.4,66.4,59.867,60.748,60.171,60.171
2026-07-23 23:00:00,宜蘭測站,宜蘭縣,宜蘭測站,宜蘭縣,41.3,17.3,45.0,45.0,42.433,40.205,35.174,35.174
2026-07-23 23:00:00,安南測站,臺南市,安南測站,臺南市,74.6,46.3,73.2,73.2,77.4,74.363,73.772,73.772
2026-07-23 23:00:00,花蓮測站,花蓮縣,花蓮測站,花蓮縣,45.6,22.6,37.0,37.0,44.433,41.732,39.852,39.852
2026-07-23 23:00:00,前金測站,高雄市,前金測站,高雄市,80.2,49.5,85.4,85.4,90.6,83.689,85.061,85.061
2026-07-23 23:00:00,松山測站,臺北市,松山測站,臺北市,49.6,29.9,61.6,61.6,59.633,55.153,56.07,56.07
2026-07-23 23:00:00,西屯測站,臺中市,西屯測站,臺中市,75.9,40.6,71.1,71.1,70.767,71.206,66.85,66.85
2026-07-23 23:00:00,桃園測站,桃園市,桃園測站,桃園市,57.0,36.2,64.3,64.3,74.533,66.065,65.665,65.665
2026-07-24 00:00:00,桃園測站,桃園市,桃園測站,桃園市,64.3,33.1,64.6,64.6,69.6,64.968,65.66,65.66
2026-07-24 00:00:00,板橋測站,新北市,板橋測站,新北市,66.4,32.8,58.4,58.4,60.467,62.211,62.129,62.129
2026-07-24 00:00:00,西屯測站,臺中市,西屯測站,臺中市,71.1,39.8,64.9,64.9,73.833,70.697,71.31,71.31
2026-07-24 00:00:00,花蓮測站,花蓮縣,花蓮測站,花蓮縣,37.0,19.1,50.0,50.0,45.667,38.804,37.292,37.292
2026-07-24 00:00:00,前金測站,高雄市,前金測站,高雄市,85.4,56.1,83.3,83.3,87.033,82.746,82.721,82.721
2026-07-24 00:00:00,宜蘭測站,宜蘭縣,宜蘭測站,宜蘭縣,45.0,24.9,36.8,36.8,41.633,39.616,43.501,43.501
2026-07-24 00:00:00,安南測站,臺南市,安南測站,臺南市,73.2,46.1,79.3,79.3,75.133,74.558,72.765,72.765
2026-07-24 00:00:00,松山測站,臺北市,松山測站,臺北市,61.6,30.1,56.2,56.2,55.3,55.467,59.43,59.43
2026-07-24 01:00:00,宜蘭測站,宜蘭縣,宜蘭測站,宜蘭縣,36.8,18.8,40.4,40.4,40.633,39.035,38.46,38.46
2026-07-24 01:00:00,桃園測站,桃園市,桃園測站,桃園市,64.6,36.4,65.6,65.6,65.933,66.524,66.804,66.804
2026-07-24 01:00:00,安南測站,臺南市,安南測站,臺南市,79.3,40.3,79.8,79.8,74.8,76.697,73.634,73.634
2026-07-24 01:00:00,板橋測站,新北市,板橋測站,新北市,58.4,36.8,67.5,67.5,62.567,62.679,58.963,58.963
2026-07-24 01:00:00,松山測站,臺北市,松山測站,臺北市,56.2,34.4,56.9,56.9,55.933,56.129,58.191,58.191
2026-07-24 01:00:00,前金測站,高雄市,前金測站,高雄市,83.3,51.1,83.7,83.7,84.267,84.409,80.962,80.962
2026-07-24 01:00:00,花蓮測站,花蓮縣,花蓮測站,花蓮縣,50.0,28.9,42.3,42.3,42.433,43.096,44.502,44.502
2026-07-24 01:00:00,西屯測站,臺中市,西屯測站,臺中市,64.9,41.0,64.4,64.4,71.867,69.258,67.708,67.708
2026-07-24 02:00:00,松山測站,臺北市,松山測站,臺北市,56.9,30.5,60.0,60.0,55.8,59.315,58.876,58.876
2026-07-24 02:00:00,板橋測站,新北市,板橋測站,新北市,67.5,29.2,60.3,60.3,61.467,63.545,64.599,64.599
2026-07-24 02:00:00,西屯測站,臺中市,西屯測站,臺中市,64.4,45.3,75.7,75.7,70.633,69.977,68.694,68.694
2026-07-24 02:00:00,桃園測站,桃園市,桃園測站,桃園市,65.6,36.5,68.5,68.5,61.967,67.641,64.73,64.73
2026-07-24 02:00:00,安南測站,臺南市,安南測站,臺南市,79.8,42.6,79.4,79.4,75.7,78.928,74.723,74.723
2026-07-24 02:00:00,前金測站,高雄市,前金測站,高雄市,83.7,48.7,92.2,92.2,82.967,85.542,83.533,83.533
2026-07-24 02:00:00,宜蘭測站,宜蘭縣,宜蘭測站,宜蘭縣,40.4,18.1,39.4,39.4,41.033,40.043,40.736,40.736
2026-07-24 02:00:00,花蓮測站,花蓮縣,花蓮測站,花蓮縣,42.3,22.8,44.6,44.6,44.2,43.629,42.29,42.29
2026-07-24 03:00:00,松山測站,臺北市,松山測站,臺北市,60.0,28.3,55.8,55.8,58.233,59.975,59.085,59.085
2026-07-24 03:00:00,安南測站,臺南市,安南測站,臺南市,79.4,48.9,80.7,80.7,77.433,80.883,82.031,82.031
2026-07-24 03:00:00,前金測站,高雄市,前金測站,高雄市,92.2,52.9,83.3,83.3,84.133,89.856,90.062,90.062
2026-07-24 03:00:00,板橋測站,新北市,板橋測站,新北市,60.3,33.3,65.5,65.5,64.1,62.736,62.872,62.872
2026-07-24 03:00:00,宜蘭測站,宜蘭縣,宜蘭測站,宜蘭縣,39.4,22.0,44.2,44.2,40.733,40.816,41.614,41.614
2026-07-24 03:00:00,花蓮測站,花蓮縣,花蓮測站,花蓮縣,44.6,21.8,51.4,51.4,43.1,44.467,43.523,43.523
2026-07-24 03:00:00,西屯測站,臺中市,西屯測站,臺中市,75.7,42.2,69.8,69.8,66.8,73.312,72.358,72.358
2026-07-24 03:00:00,桃園測站,桃園市,桃園測站,桃園市,68.5,35.3,73.0,73.0,64.833,68.492,68.972,68.972
2026-07-24 04:00:00,宜蘭測站,宜蘭縣,宜蘭測站,宜蘭縣,44.2,21.3,40.7,40.7,38.867,42.783,43.093,43.093
2026-07-24 04:00:00,花蓮測站,花蓮縣,花蓮測站,花蓮縣,51.4,30.6,48.1,48.1,45.633,48.352,49.259,49.259
2026-07-24 04:00:00,桃園測站,桃園市,桃園測站,桃園市,73.0,44.9,75.1,75.1,66.233,73.327,69.135,69.135
2026-07-24 04:00:00,前金測站,高雄市,前金測站,高雄市,83.3,47.6,87.7,87.7,86.4,87.616,87.419,87.419
2026-07-24 04:00:00,安南測站,臺南市,安南測站,臺南市,80.7,43.6,78.9,78.9,79.5,80.479,81.973,81.973
2026-07-24 04:00:00,西屯測站,臺中市,西屯測站,臺中市,69.8,38.4,72.7,72.7,68.333,73.906,74.308,74.308
2026-07-24 04:00:00,松山測站,臺北市,松山測站,臺北市,55.8,30.7,52.2,52.2,57.7,61.236,58.957,58.957
2026-07-24 04:00:00,板橋測站,新北市,板橋測站,新北市,65.5,37.5,62.0,62.0,62.067,63.445,66.437,66.437
2026-07-24 05:00:00,桃園測站,桃園市,桃園測站,桃園市,75.1,40.4,82.4,82.4,69.033,75.656,74.648,74.648
2026-07-24 05:00:00,花蓮測站,花蓮縣,花蓮測站,花蓮縣,48.1,15.0,51.1,51.1,46.1,47.099,49.792,49.792
2026-07-24 05:00:00,前金測站,高雄市,前金測站,高雄市,87.7,51.0,86.0,86.0,86.4,89.855,87.82,87.82
2026-07-24 05:00:00,宜蘭測站,宜蘭縣,宜蘭測站,宜蘭縣,40.7,20.6,44.2,44.2,41.333,42.676,44.533,44.533
2026-07-24 05:00:00,板橋測站,新北市,板橋測站,新北市,62.0,33.9,66.9,66.9,64.433,62.987,63.585,63.585
2026-07-24 05:00:00,松山測站,臺北市,松山測站,臺北市,52.2,28.3,56.4,56.4,57.567,58.131,56.7,56.7
2026-07-24 05:00:00,西屯測站,臺中市,西屯測站,臺中市,72.7,43.6,76.7,76.7,69.967,74.66,74.53,74.53
2026-07-24 05:00:00,安南測站,臺南市,安南測站,臺南市,78.9,54.6,86.9,86.9,79.967,81.268,82.895,82.895
2026-07-24 06:00:00,西屯測站,臺中市,西屯測站,臺中市,76.7,42.6,80.5,80.5,72.733,74.609,75.245,75.245
2026-07-24 06:00:00,宜蘭測站,宜蘭縣,宜蘭測站,宜蘭縣,44.2,24.0,58.7,58.7,41.433,44.131,46.461,46.461
2026-07-24 06:00:00,花蓮測站,花蓮縣,花蓮測站,花蓮縣,51.1,25.4,51.3,51.3,48.033,47.615,50.69,50.69
2026-07-24 06:00:00,安南測站,臺南市,安南測站,臺南市,86.9,50.8,88.2,88.2,79.667,82.674,85.977,85.977
2026-07-24 06:00:00,松山測站,臺北市,松山測站,臺北市,56.4,28.1,66.7,66.7,56.0,57.125,56.342,56.342
2026-07-24 06:00:00,前金測站,高雄市,前金測站,高雄市,86.0,53.6,95.9,95.9,87.733,88.533,86.089,86.089
2026-07-24 06:00:00,板橋測站,新北市,板橋測站,新北市,66.9,37.0,73.3,73.3,62.6,63.951,66.303,66.303
2026-07-24 06:00:00,桃園測站,桃園市,桃園測站,桃園市,82.4,46.7,89.6,89.6,72.2,74.824,76.169,76.169
2026-07-24 07:00:00,宜蘭測站,宜蘭縣,宜蘭測站,宜蘭縣,58.7,26.0,55.2,55.2,43.033,49.082,49.378,49.378
2026-07-24 07:00:00,板橋測站,新北市,板橋測站,新北市,73.3,37.3,68.5,68.5,64.8,66.703,69.719,69.719
2026-07-24 07:00:00,前金測站,高雄市,前金測站,高雄市,95.9,53.9,99.1,99.1,85.667,91.453,93.946,93.946
2026-07-24 07:00:00,安南測站,臺南市,安南測站,臺南市,88.2,43.4,91.3,91.3,82.167,83.288,84.627,84.627
2026-07-24 07:00:00,松山測站,臺北市,松山測站,臺北市,66.7,33.4,67.7,67.7,54.8,61.124,64.236,64.236
2026-07-24 07:00:00,花蓮測站,花蓮縣,花蓮測站,花蓮縣,51.3,21.1,52.6,52.6,50.2,47.386,50.639,50.639
2026-07-24 07:00:00,西屯測站,臺中市,西屯測站,臺中市,80.5,40.0,82.6,82.6,73.067,76.163,75.378,75.378
2026-07-24 07:00:00,桃園測站,桃園市,桃園測站,桃園市,89.6,39.6,76.6,76.6,76.833,78.646,79.099,79.099
2026-07-24 08:00:00,西屯測站,臺中市,西屯測站,臺中市,82.6,48.7,84.0,84.0,76.633,76.931,80.097,80.097
2026-07-24 08:00:00,松山測站,臺北市,松山測站,臺北市,67.7,33.6,64.4,64.4,58.433,61.8,65.161,65.161
2026-07-24 08:00:00,宜蘭測站,宜蘭縣,宜蘭測站,宜蘭縣,55.2,26.5,60.4,60.4,47.867,49.364,50.608,50.608
2026-07-24 08:00:00,安南測站,臺南市,安南測站,臺南市,91.3,45.6,92.4,92.4,84.667,84.07,83.644,83.644
2026-07-24 08:00:00,花蓮測站,花蓮縣,花蓮測站,花蓮縣,52.6,22.5,49.8,49.8,50.167,48.459,50.089,50.089
2026-07-24 08:00:00,桃園測站,桃園市,桃園測站,桃園市,76.6,36.2,78.2,78.2,82.367,74.99,75.611,75.611
2026-07-24 08:00:00,板橋測站,新北市,板橋測站,新北市,68.5,40.5,77.1,77.1,67.4,65.812,69.488,69.488
2026-07-24 08:00:00,前金測站,高雄市,前金測站,高雄市,99.1,51.1,89.8,89.8,89.867,91.836,96.379,96.379
2026-07-24 09:00:00,花蓮測站,花蓮縣,花蓮測站,花蓮縣,49.8,26.5,43.5,43.5,51.667,48.692,48.498,48.498
2026-07-24 09:00:00,西屯測站,臺中市,西屯測站,臺中市,84.0,49.4,77.7,77.7,79.933,77.826,80.072,80.072
2026-07-24 09:00:00,前金測站,高雄市,前金測站,高雄市,89.8,53.0,93.0,93.0,93.667,89.401,91.257,91.257
2026-07-24 09:00:00,板橋測站,新北市,板橋測站,新北市,77.1,36.8,71.3,71.3,69.567,68.691,71.725,71.725
2026-07-24 09:00:00,桃園測站,桃園市,桃園測站,桃園市,78.2,38.8,78.5,78.5,82.867,72.86,72.836,72.836
2026-07-24 09:00:00,宜蘭測站,宜蘭縣,宜蘭測站,宜蘭縣,60.4,29.1,47.2,47.2,52.7,51.031,49.55,49.55
2026-07-24 09:00:00,松山測站,臺北市,松山測站,臺北市,64.4,32.5,60.0,60.0,63.6,62.016,64.903,64.903
2026-07-24 09:00:00,安南測站,臺南市,安南測站,臺南市,92.4,44.3,93.2,93.2,88.8,84.724,83.326,83.326
2026-07-24 10:00:00,安南測站,臺南市,安南測站,臺南市,93.2,51.2,89.2,89.2,90.633,84.692,84.77,84.77
2026-07-24 10:00:00,前金測站,高雄市,前金測站,高雄市,93.0,56.9,91.4,91.4,94.933,89.473,88.368,88.368
2026-07-24 10:00:00,板橋測站,新北市,板橋測站,新北市,71.3,33.5,84.5,84.5,72.967,66.708,67.371,67.371
2026-07-24 10:00:00,花蓮測站,花蓮縣,花蓮測站,花蓮縣,43.5,24.8,45.2,45.2,51.233,45.236,46.072,46.072
2026-07-24 10:00:00,桃園測站,桃園市,桃園測站,桃園市,78.5,43.4,77.3,77.3,81.467,70.083,75.043,75.043
2026-07-24 10:00:00,松山測站,臺北市,松山測站,臺北市,60.0,31.1,58.9,58.9,66.267,59.473,57.965,57.965
2026-07-24 10:00:00,宜蘭測站,宜蘭縣,宜蘭測站,宜蘭縣,47.2,22.5,48.4,48.4,58.1,46.978,47.233,47.233
2026-07-24 10:00:00,西屯測站,臺中市,西屯測站,臺中市,77.7,37.5,72.4,72.4,82.367,75.334,76.101,76.101
2026-07-24 11:00:00,桃園測站,桃園市,桃園測站,桃園市,77.3,45.1,77.8,77.8,77.767,70.823,75.316,75.316
2026-07-24 11:00:00,西屯測站,臺中市,西屯測站,臺中市,72.4,37.9,76.2,76.2,81.433,72.159,72.878,72.878
2026-07-24 11:00:00,板橋測站,新北市,板橋測站,新北市,84.5,40.3,73.6,73.6,72.3,70.387,70.867,70.867
2026-07-24 11:00:00,宜蘭測站,宜蘭縣,宜蘭測站,宜蘭縣,48.4,21.7,36.0,36.0,54.267,44.878,44.777,44.777
2026-07-24 11:00:00,花蓮測站,花蓮縣,花蓮測站,花蓮縣,45.2,18.3,38.1,38.1,48.633,44.948,45.113,45.113
2026-07-24 11:00:00,安南測站,臺南市,安南測站,臺南市,89.2,51.2,77.5,77.5,92.3,82.742,87.153,87.153
2026-07-24 11:00:00,前金測站,高雄市,前金測站,高雄市,91.4,55.6,92.9,92.9,93.967,88.465,87.796,87.796
2026-07-24 11:00:00,松山測站,臺北市,松山測站,臺北市,58.9,31.3,63.3,63.3,64.033,57.748,58.201,58.201
2026-07-24 12:00:00,桃園測站,桃園市,桃園測站,桃園市,77.8,41.7,77.4,77.4,78.0,72.0,73.946,73.946
2026-07-24 12:00:00,前金測站,高雄市,前金測站,高雄市,92.9,56.2,81.5,81.5,91.4,88.615,89.981,89.981
2026-07-24 12:00:00,板橋測站,新北市,板橋測站,新北市,73.6,35.1,59.0,59.0,77.633,68.033,66.864,66.864
2026-07-24 12:00:00,西屯測站,臺中市,西屯測站,臺中市,76.2,39.1,72.8,72.8,78.033,71.817,73.391,73.391
2026-07-24 12:00:00,松山測站,臺北市,松山測站,臺北市,63.3,28.8,62.1,62.1,61.1,58.831,59.728,59.728
2026-07-24 12:00:00,宜蘭測站,宜蘭縣,宜蘭測站,宜蘭縣,36.0,26.5,49.1,49.1,52.0,40.678,41.819,41.819
2026-07-24 12:00:00,花蓮測站,花蓮縣,花蓮測站,花蓮縣,38.1,21.3,41.8,41.8,46.167,42.279,45.22,45.22
2026-07-24 12:00:00,安南測站,臺南市,安南測站,臺南市,77.5,42.7,77.6,77.6,91.6,78.827,81.122,81.122
2026-07-24 13:00:00,安南測站,臺南市,安南測站,臺南市,77.6,39.0,84.3,84.3,86.633,78.417,80.083,80.083
2026-07-24 13:00:00,西屯測站,臺中市,西屯測站,臺中市,72.8,44.9,72.3,72.3,75.433,71.364,73.265,73.265
2026-07-24 13:00:00,板橋測站,新北市,板橋測站,新北市,59.0,27.2,78.1,78.1,76.467,62.865,65.178,65.178
2026-07-24 13:00:00,桃園測站,桃園市,桃園測站,桃園市,77.4,35.8,79.2,79.2,77.867,74.25,73.41,73.41
2026-07-24 13:00:00,松山測站,臺北市,松山測站,臺北市,62.1,31.6,65.6,65.6,60.733,58.113,62.621,62.621
2026-07-24 13:00:00,前金測站,高雄市,前金測站,高雄市,81.5,54.1,93.6,93.6,92.433,86.005,86.334,86.334
2026-07-24 13:00:00,宜蘭測站,宜蘭縣,宜蘭測站,宜蘭縣,49.1,20.8,46.7,46.7,43.867,42.296,44.525,44.525
2026-07-24 13:00:00,花蓮測站,花蓮縣,花蓮測站,花蓮縣,41.8,20.6,40.8,40.8,42.267,43.399,43.39,43.39
2026-07-24 14:00:00,西屯測站,臺中市,西屯測站,臺中市,72.3,42.6,79.0,79.0,73.8,72.356,73.098,73.098
2026-07-24 14:00:00,桃園測站,桃園市,桃園測站,桃園市,79.2,40.0,81.4,81.4,77.5,74.936,75.898,75.898
2026-07-24 14:00:00,花蓮測站,花蓮縣,花蓮測站,花蓮縣,40.8,23.6,39.5,39.5,41.7,43.384,44.484,44.484
2026-07-24 14:00:00,安南測站,臺南市,安南測站,臺南市,84.3,50.1,81.1,81.1,81.433,79.747,82.75,82.75
2026-07-24 14:00:00,宜蘭測站,宜蘭縣,宜蘭測站,宜蘭縣,46.7,27.0,56.8,56.8,44.5,44.055,46.901,46.901
2026-07-24 14:00:00,板橋測站,新北市,板橋測站,新北市,78.1,40.3,70.8,70.8,72.367,67.13,70.617,70.617
2026-07-24 14:00:00,松山測站,臺北市,松山測站,臺北市,65.6,30.9,69.8,69.8,61.433,60.12,62.452,62.452
2026-07-24 14:00:00,前金測站,高雄市,前金測站,高雄市,93.6,48.1,94.1,94.1,88.6,87.372,86.675,86.675
2026-07-24 15:00:00,宜蘭測站,宜蘭縣,宜蘭測站,宜蘭縣,56.8,27.9,65.6,65.6,43.933,49.942,52.733,52.733
2026-07-24 15:00:00,松山測站,臺北市,松山測站,臺北市,69.8,35.1,67.7,67.7,63.667,62.11,64.595,64.595
2026-07-24 15:00:00,安南測站,臺南市,安南測站,臺南市,81.1,47.6,89.7,89.7,79.8,80.876,82.006,82.006
2026-07-24 15:00:00,前金測站,高雄市,前金測站,高雄市,94.1,52.3,89.7,89.7,89.333,89.937,90.648,90.648
2026-07-24 15:00:00,桃園測站,桃園市,桃園測站,桃園市,81.4,37.0,75.7,75.7,78.133,75.877,77.304,77.304
2026-07-24 15:00:00,花蓮測站,花蓮縣,花蓮測站,花蓮縣,39.5,23.3,57.4,57.4,40.233,44.918,44.64,44.64
2026-07-24 15:00:00,板橋測站,新北市,板橋測站,新北市,70.8,34.6,77.1,77.1,70.233,65.861,69.548,69.548
2026-07-24 15:00:00,西屯測站,臺中市,西屯測站,臺中市,79.0,41.6,92.8,92.8,73.767,74.456,77.728,77.728
2026-07-24 16:00:00,西屯測站,臺中市,西屯測站,臺中市,92.8,46.7,88.6,88.6,74.7,81.515,82.831,82.831
2026-07-24 16:00:00,安南測站,臺南市,安南測站,臺南市,89.7,48.6,96.4,96.4,81.0,85.083,86.569,86.569
2026-07-24 16:00:00,前金測站,高雄市,前金測站,高雄市,89.7,54.5,98.1,98.1,89.733,89.762,90.613,90.613
2026-07-24 16:00:00,宜蘭測站,宜蘭縣,宜蘭測站,宜蘭縣,65.6,31.1,61.7,61.7,50.867,55.368,54.196,54.196
2026-07-24 16:00:00,花蓮測站,花蓮縣,花蓮測站,花蓮縣,57.4,26.2,54.5,54.5,40.7,50.918,49.594,49.594
2026-07-24 16:00:00,松山測站,臺北市,松山測站,臺北市,67.7,30.3,72.9,72.9,65.833,62.233,65.041,65.041
2026-07-24 16:00:00,桃園測站,桃園市,桃園測站,桃園市,75.7,38.1,80.5,80.5,79.333,75.005,77.516,77.516
2026-07-24 16:00:00,板橋測站,新北市,板橋測站,新北市,77.1,37.8,86.3,86.3,69.3,69.572,75.691,75.691
2026-07-24 17:00:00,板橋測站,新北市,板橋測站,新北市,86.3,40.7,74.5,74.5,75.333,73.581,76.423,76.423
2026-07-24 17:00:00,前金測站,高雄市,前金測站,高雄市,98.1,54.2,103.3,103.3,92.467,92.559,92.64,92.64
2026-07-24 17:00:00,松山測站,臺北市,松山測站,臺北市,72.9,32.8,74.3,74.3,67.7,64.459,66.596,66.596
2026-07-24 17:00:00,西屯測站,臺中市,西屯測站,臺中市,88.6,47.1,81.1,81.1,81.367,84.217,82.43,82.43
2026-07-24 17:00:00,桃園測站,桃園市,桃園測站,桃園市,80.5,40.5,83.4,83.4,78.767,76.895,78.541,78.541
2026-07-24 17:00:00,安南測站,臺南市,安南測站,臺南市,96.4,46.5,98.3,98.3,85.033,88.578,89.578,89.578
2026-07-24 17:00:00,花蓮測站,花蓮縣,花蓮測站,花蓮縣,54.5,26.5,43.9,43.9,45.9,51.157,49.448,49.448
2026-07-24 17:00:00,宜蘭測站,宜蘭縣,宜蘭測站,宜蘭縣,61.7,26.5,60.0,60.0,56.367,56.33,53.67,53.67
2026-07-24 18:00:00,安南測站,臺南市,安南測站,臺南市,98.3,47.6,84.0,84.0,89.067,92.491,91.756,91.756
2026-07-24 18:00:00,板橋測站,新北市,板橋測站,新北市,74.5,41.6,77.3,77.3,78.067,73.517,75.263,75.263
2026-07-24 18:00:00,宜蘭測站,宜蘭縣,宜蘭測站,宜蘭縣,60.0,26.7,58.5,58.5,61.367,55.763,55.809,55.809
2026-07-24 18:00:00,西屯測站,臺中市,西屯測站,臺中市,81.1,42.6,93.5,93.5,86.8,79.582,82.663,82.663
2026-07-24 18:00:00,桃園測站,桃園市,桃園測站,桃園市,83.4,39.5,83.1,83.1,79.2,77.806,78.277,78.277
2026-07-24 18:00:00,松山測站,臺北市,松山測站,臺北市,74.3,33.0,76.8,76.8,70.133,65.721,64.697,64.697
2026-07-24 18:00:00,前金測站,高雄市,前金測站,高雄市,103.3,59.0,98.4,98.4,93.967,95.785,95.452,95.452
2026-07-24 18:00:00,花蓮測站,花蓮縣,花蓮測站,花蓮縣,43.9,17.0,49.9,49.9,50.467,47.856,47.282,47.282
2026-07-24 19:00:00,宜蘭測站,宜蘭縣,宜蘭測站,宜蘭縣,58.5,27.8,58.6,58.6,62.433,53.539,54.201,54.201
2026-07-24 19:00:00,前金測站,高雄市,前金測站,高雄市,98.4,51.2,100.2,100.2,97.033,95.277,94.204,94.204
2026-07-24 19:00:00,西屯測站,臺中市,西屯測站,臺中市,93.5,47.0,82.5,82.5,87.5,81.826,86.489,86.489
2026-07-24 19:00:00,安南測站,臺南市,安南測站,臺南市,84.0,48.2,85.8,85.8,94.8,86.245,86.925,86.925
2026-07-24 19:00:00,板橋測站,新北市,板橋測站,新北市,77.3,40.8,71.6,71.6,79.3,75.042,76.089,76.089
2026-07-24 19:00:00,桃園測站,桃園市,桃園測站,桃園市,83.1,43.2,83.2,83.2,79.867,78.827,78.84,78.84
2026-07-24 19:00:00,松山測站,臺北市,松山測站,臺北市,76.8,37.5,73.1,73.1,71.633,66.948,66.799,66.799
2026-07-24 19:00:00,花蓮測站,花蓮縣,花蓮測站,花蓮縣,49.9,24.2,56.6,56.6,51.933,46.475,46.023,46.023
2026-07-24 20:00:00,花蓮測站,花蓮縣,花蓮測站,花蓮縣,56.6,31.2,45.0,45.0,49.433,48.342,48.709,48.709
2026-07-24 20:00:00,桃園測站,桃園市,桃園測站,桃園市,83.2,42.5,82.5,82.5,82.333,78.642,77.62,77.62
2026-07-24 20:00:00,安南測站,臺南市,安南測站,臺南市,85.8,48.1,91.2,91.2,92.9,84.793,84.172,84.172
2026-07-24 20:00:00,板橋測站,新北市,板橋測站,新北市,71.6,30.8,73.5,73.5,79.367,70.279,72.644,72.644
2026-07-24 20:00:00,松山測站,臺北市,松山測站,臺北市,73.1,41.7,66.2,66.2,74.667,66.787,66.149,66.149
2026-07-24 20:00:00,西屯測站,臺中市,西屯測站,臺中市,82.5,40.6,68.7,68.7,87.733,79.488,79.442,79.442
2026-07-24 20:00:00,前金測站,高雄市,前金測站,高雄市,100.2,52.0,91.5,91.5,99.933,93.975,93.858,93.858
2026-07-24 20:00:00,宜蘭測站,宜蘭縣,宜蘭測站,宜蘭縣,58.6,27.0,55.4,55.4,60.067,51.97,53.584,53.584
2026-07-24 21:00:00,前金測站,高雄市,前金測站,高雄市,91.5,52.6,88.3,88.3,100.633,91.601,90.016,90.016
2026-07-24 21:00:00,板橋測站,新北市,板橋測站,新北市,73.5,39.4,75.7,75.7,74.467,71.292,73.057,73.057
2026-07-24 21:00:00,桃園測站,桃園市,桃園測站,桃園市,82.5,41.8,73.8,73.8,83.233,79.061,78.428,78.428
2026-07-24 21:00:00,宜蘭測站,宜蘭縣,宜蘭測站,宜蘭縣,55.4,22.7,49.1,49.1,59.033,50.494,53.228,53.228
2026-07-24 21:00:00,松山測站,臺北市,松山測站,臺北市,66.2,32.4,62.2,62.2,74.733,64.503,65.819,65.819
2026-07-24 21:00:00,安南測站,臺南市,安南測站,臺南市,91.2,45.1,77.8,77.8,89.367,84.723,84.156,84.156
2026-07-24 21:00:00,花蓮測站,花蓮縣,花蓮測站,花蓮縣,45.0,26.6,48.4,48.4,50.133,45.344,45.025,45.025
2026-07-24 21:00:00,西屯測站,臺中市,西屯測站,臺中市,68.7,42.0,80.2,80.2,85.7,72.501,77.344,77.344
2026-07-24 22:00:00,西屯測站,臺中市,西屯測站,臺中市,80.2,43.6,73.6,73.6,81.567,73.938,76.703,76.703
2026-07-24 22:00:00,花蓮測站,花蓮縣,花蓮測站,花蓮縣,48.4,23.3,51.9,51.9,50.5,44.8,44.599,44.599
2026-07-24 22:00:00,松山測站,臺北市,松山測站,臺北市,62.2,28.7,67.8,67.8,72.033,62.298,63.585,63.585
2026-07-24 22:00:00,桃園測站,桃園市,桃園測站,桃園市,73.8,40.1,71.9,71.9,82.933,75.569,78.051,78.051
2026-07-24 22:00:00,宜蘭測站,宜蘭縣,宜蘭測站,宜蘭縣,49.1,21.9,45.0,45.0,57.5,46.822,48.568,48.568
2026-07-24 22:00:00,安南測站,臺南市,安南測站,臺南市,77.8,44.1,77.5,77.5,87.0,81.282,83.172,83.172
2026-07-24 22:00:00,前金測站,高雄市,前金測站,高雄市,88.3,51.3,86.7,86.7,96.7,89.661,88.377,88.377
2026-07-24 22:00:00,板橋測站,新北市,板橋測站,新北市,75.7,39.4,63.3,63.3,74.133,71.769,69.455,69.455
2026-07-24 23:00:00,前金測站,高雄市,前金測站,高雄市,86.7,50.9,76.6,76.6,93.333,87.325,87.605,87.605
2026-07-24 23:00:00,桃園測站,桃園市,桃園測站,桃園市,71.9,38.7,66.9,66.9,79.833,73.345,74.39,74.39
2026-07-24 23:00:00,宜蘭測站,宜蘭縣,宜蘭測站,宜蘭縣,45.0,24.3,42.7,42.7,54.367,46.873,47.786,47.786
2026-07-24 23:00:00,西屯測站,臺中市,西屯測站,臺中市,73.6,42.2,63.2,63.2,77.133,74.042,76.789,76.789
2026-07-24 23:00:00,松山測站,臺北市,松山測站,臺北市,67.8,32.1,56.6,56.6,67.167,63.816,63.283,63.283
2026-07-24 23:00:00,板橋測站,新北市,板橋測站,新北市,63.3,28.9,62.2,62.2,73.6,68.374,68.558,68.558
2026-07-24 23:00:00,安南測站,臺南市,安南測站,臺南市,77.5,47.8,88.2,88.2,84.933,80.269,80.518,80.518
2026-07-24 23:00:00,花蓮測站,花蓮縣,花蓮測站,花蓮縣,51.9,25.5,40.7,40.7,50.0,47.22,44.351,44.351
2026-07-25 00:00:00,桃園測站,桃園市,桃園測站,桃園市,66.9,39.5,66.8,66.8,76.067,70.248,68.03,68.03
2026-07-25 00:00:00,前金測站,高雄市,前金測站,高雄市,76.6,46.2,91.9,91.9,88.833,83.961,82.436,82.436
2026-07-25 00:00:00,松山測站,臺北市,松山測站,臺北市,56.6,32.4,56.9,56.9,65.4,60.848,62.822,62.822
2026-07-25 00:00:00,板橋測站,新北市,板橋測站,新北市,62.2,30.5,59.8,59.8,70.833,65.531,65.286,65.286
2026-07-25 00:00:00,花蓮測站,花蓮縣,花蓮測站,花蓮縣,40.7,19.4,49.5,49.5,48.433,43.012,45.105,45.105
2026-07-25 00:00:00,宜蘭測站,宜蘭縣,宜蘭測站,宜蘭縣,42.7,22.7,42.3,42.3,49.833,46.32,46.217,46.217
2026-07-25 00:00:00,安南測站,臺南市,安南測站,臺南市,88.2,46.7,70.3,70.3,82.167,80.938,83.358,83.358
2026-07-25 00:00:00,西屯測站,臺中市,西屯測站,臺中市,63.2,38.0,70.5,70.5,74.167,72.277,67.413,67.413
2026-07-25 01:00:00,桃園測站,桃園市,桃園測站,桃園市,66.8,38.6,73.9,73.9,70.867,71.561,68.71,68.71
2026-07-25 01:00:00,松山測站,臺北市,松山測站,臺北市,56.9,34.9,51.3,51.3,62.2,60.717,61.815,61.815
2026-07-25 01:00:00,西屯測站,臺中市,西屯測站,臺中市,70.5,39.4,71.9,71.9,72.333,71.717,72.207,72.207
2026-07-25 01:00:00,板橋測站,新北市,板橋測站,新北市,59.8,34.5,61.3,61.3,67.067,64.829,65.042,65.042
2026-07-25 01:00:00,宜蘭測站,宜蘭縣,宜蘭測站,宜蘭縣,42.3,21.1,34.7,34.7,45.6,46.196,46.036,46.036
2026-07-25 01:00:00,花蓮測站,花蓮縣,花蓮測站,花蓮縣,49.5,19.8,43.9,43.9,47.0,43.448,48.408,48.408
2026-07-25 01:00:00,安南測站,臺南市,安南測站,臺南市,70.3,47.5,80.7,80.7,81.167,81.295,80.125,80.125
2026-07-25 01:00:00,前金測站,高雄市,前金測站,高雄市,91.9,51.8,84.5,84.5,83.867,87.5,86.596,86.596
2026-07-25 02:00:00,宜蘭測站,宜蘭縣,宜蘭測站,宜蘭縣,34.7,17.1,47.4,47.4,43.333,45.727,45.272,45.272
2026-07-25 02:00:00,板橋測站,新北市,板橋測站,新北市,61.3,31.0,64.6,64.6,61.767,65.482,62.654,62.654
2026-07-25 02:00:00,花蓮測站,花蓮縣,花蓮測站,花蓮縣,43.9,23.9,39.1,39.1,47.367,44.81,45.386,45.386
2026-07-25 02:00:00,前金測站,高雄市,前金測站,高雄市,84.5,48.7,75.4,75.4,85.067,88.679,86.082,86.082
2026-07-25 02:00:00,西屯測站,臺中市,西屯測站,臺中市,71.9,39.6,67.8,67.8,69.1,74.955,73.332,73.332
2026-07-25 02:00:00,桃園測站,桃園市,桃園測站,桃園市,73.9,36.8,69.4,69.4,68.533,73.295,70.801,70.801
2026-07-25 02:00:00,松山測站,臺北市,松山測站,臺北市,51.3,31.6,59.0,59.0,60.433,60.993,63.233,63.233
2026-07-25 02:00:00,安南測站,臺南市,安南測站,臺南市,80.7,44.8,70.8,70.8,78.667,82.452,80.386,80.386
2026-07-25 03:00:00,宜蘭測站,宜蘭縣,宜蘭測站,宜蘭縣,47.4,26.7,35.6,35.6,39.9,49.648,47.387,47.387
2026-07-25 03:00:00,安南測站,臺南市,安南測站,臺南市,70.8,37.5,70.3,70.3,79.733,79.154,79.521,79.521
2026-07-25 03:00:00,板橋測站,新北市,板橋測站,新北市,64.6,35.9,66.0,66.0,61.1,67.352,66.584,66.584
2026-07-25 03:00:00,西屯測站,臺中市,西屯測站,臺中市,67.8,45.2,58.9,58.9,68.533,76.596,74.133,74.133
2026-07-25 03:00:00,桃園測站,桃園市,桃園測站,桃園市,69.4,39.0,77.2,77.2,69.2,74.066,74.678,74.678
2026-07-25 03:00:00,松山測站,臺北市,松山測站,臺北市,59.0,28.3,49.9,49.9,54.933,62.619,62.632,62.632
2026-07-25 03:00:00,花蓮測站,花蓮縣,花蓮測站,花蓮縣,39.1,17.1,37.5,37.5,44.7,44.456,43.081,43.081
2026-07-25 03:00:00,前金測站,高雄市,前金測站,高雄市,75.4,50.3,80.1,80.1,84.333,87.729,83.736,83.736
2026-07-25 04:00:00,松山測站,臺北市,松山測站,臺北市,49.9,32.6,57.1,57.1,55.733,61.568,61.867,61.867
2026-07-25 04:00:00,西屯測站,臺中市,西屯測站,臺中市,58.9,36.7,72.3,72.3,70.067,71.767,70.953,70.953
2026-07-25 04:00:00,安南測站,臺南市,安南測站,臺南市,70.3,42.2,86.2,86.2,73.933,79.985,77.8,77.8
2026-07-25 04:00:00,花蓮測站,花蓮縣,花蓮測站,花蓮縣,37.5,18.2,42.1,42.1,44.167,43.137,44.074,44.074
2026-07-25 04:00:00,板橋測站,新北市,板橋測站,新北市,66.0,36.9,62.1,62.1,61.9,69.022,67.776,67.776
2026-07-25 04:00:00,桃園測站,桃園市,桃園測站,桃園市,77.2,36.7,72.7,72.7,70.033,76.199,75.869,75.869
2026-07-25 04:00:00,前金測站,高雄市,前金測站,高雄市,80.1,55.1,86.5,86.5,83.933,87.535,84.453,84.453
2026-07-25 04:00:00,宜蘭測站,宜蘭縣,宜蘭測站,宜蘭縣,35.6,21.5,36.3,36.3,41.467,48.31,44.725,44.725
2026-07-25 05:00:00,西屯測站,臺中市,西屯測站,臺中市,72.3,41.6,79.4,79.4,66.2,74.496,74.575,74.575
2026-07-25 05:00:00,桃園測站,桃園市,桃園測站,桃園市,72.7,40.0,85.6,85.6,73.5,76.009,75.161,75.161
2026-07-25 05:00:00,前金測站,高雄市,前金測站,高雄市,86.5,48.8,93.4,93.4,80.0,89.556,86.31,86.31
2026-07-25 05:00:00,松山測站,臺北市,松山測站,臺北市,57.1,31.2,66.3,66.3,53.4,61.883,58.915,58.915
2026-07-25 05:00:00,宜蘭測站,宜蘭縣,宜蘭測站,宜蘭縣,36.3,23.6,49.3,49.3,39.233,47.482,42.793,42.793
2026-07-25 05:00:00,花蓮測站,花蓮縣,花蓮測站,花蓮縣,42.1,16.9,44.4,44.4,40.167,43.614,44.017,44.017
2026-07-25 05:00:00,安南測站,臺南市,安南測站,臺南市,86.2,48.4,78.6,78.6,73.933,83.026,83.401,83.401
2026-07-25 05:00:00,板橋測站,新北市,板橋測站,新北市,62.1,30.9,73.2,73.2,63.967,69.46,67.721,67.721
2026-07-25 06:00:00,前金測站,高雄市,前金測站,高雄市,93.4,53.6,88.1,88.1,80.667,93.112,90.219,90.219
2026-07-25 06:00:00,西屯測站,臺中市,西屯測站,臺中市,79.4,42.2,72.4,72.4,66.333,77.227,77.876,77.876
2026-07-25 06:00:00,花蓮測站,花蓮縣,花蓮測站,花蓮縣,44.4,25.6,46.4,46.4,39.567,45.555,46.809,46.809
2026-07-25 06:00:00,宜蘭測站,宜蘭縣,宜蘭測站,宜蘭縣,49.3,24.6,51.0,51.0,39.767,48.668,46.896,46.896
2026-07-25 06:00:00,板橋測站,新北市,板橋測站,新北市,73.2,29.9,72.3,72.3,64.233,69.995,70.068,70.068
2026-07-25 06:00:00,桃園測站,桃園市,桃園測站,桃園市,85.6,48.4,68.5,68.5,73.1,80.043,80.968,80.968
2026-07-25 06:00:00,松山測站,臺北市,松山測站,臺北市,66.3,29.5,67.0,67.0,55.333,66.085,67.126,67.126
2026-07-25 06:00:00,安南測站,臺南市,安南測站,臺南市,78.6,47.7,81.9,81.9,75.767,82.655,82.764,82.764
2026-07-25 07:00:00,前金測站,高雄市,前金測站,高雄市,88.1,51.9,101.2,101.2,86.667,90.129,90.725,90.725
2026-07-25 07:00:00,板橋測站,新北市,板橋測站,新北市,72.3,37.5,73.8,73.8,67.1,70.417,71.75,71.75
2026-07-25 07:00:00,桃園測站,桃園市,桃園測站,桃園市,68.5,37.6,73.6,73.6,78.5,75.193,77.891,77.891
2026-07-25 07:00:00,宜蘭測站,宜蘭縣,宜蘭測站,宜蘭縣,51.0,24.6,54.3,54.3,40.4,51.547,50.038,50.038
2026-07-25 07:00:00,花蓮測站,花蓮縣,花蓮測站,花蓮縣,46.4,22.9,47.3,47.3,41.333,46.766,48.158,48.158
2026-07-25 07:00:00,松山測站,臺北市,松山測站,臺北市,67.0,28.7,69.0,69.0,57.767,65.649,66.46,66.46
2026-07-25 07:00:00,安南測站,臺南市,安南測站,臺南市,81.9,46.3,86.6,86.6,78.367,83.152,85.084,85.084
2026-07-25 07:00:00,西屯測站,臺中市,西屯測站,臺中市,72.4,40.9,76.8,76.8,70.2,75.896,76.519,76.519
2026-07-25 08:00:00,桃園測站,桃園市,桃園測站,桃園市,73.6,36.8,73.8,73.8,75.6,73.619,74.802,74.802
2026-07-25 08:00:00,花蓮測站,花蓮縣,花蓮測站,花蓮縣,47.3,21.1,43.7,43.7,44.3,47.598,49.006,49.006
2026-07-25 08:00:00,松山測站,臺北市,松山測站,臺北市,69.0,35.0,65.4,65.4,63.467,65.691,68.604,68.604
2026-07-25 08:00:00,前金測站,高雄市,前金測站,高雄市,101.2,55.8,90.5,90.5,89.333,93.753,93.47,93.47
2026-07-25 08:00:00,西屯測站,臺中市,西屯測站,臺中市,76.8,42.1,75.1,75.1,74.7,74.458,74.481,74.481
2026-07-25 08:00:00,板橋測站,新北市,板橋測站,新北市,73.8,36.0,68.1,68.1,69.2,70.024,72.774,72.774
2026-07-25 08:00:00,宜蘭測站,宜蘭縣,宜蘭測站,宜蘭縣,54.3,28.1,49.4,49.4,45.533,52.426,50.748,50.748
2026-07-25 08:00:00,安南測站,臺南市,安南測站,臺南市,86.6,50.1,80.3,80.3,82.233,84.099,86.007,86.007
2026-07-25 09:00:00,桃園測站,桃園市,桃園測站,桃園市,73.8,41.6,76.6,76.6,75.9,71.495,73.196,73.196
2026-07-25 09:00:00,板橋測站,新北市,板橋測站,新北市,68.1,36.0,63.3,63.3,73.1,67.317,67.888,67.888
2026-07-25 09:00:00,前金測站,高雄市,前金測站,高雄市,90.5,48.6,89.9,89.9,94.233,89.31,90.216,90.216
2026-07-25 09:00:00,宜蘭測站,宜蘭縣,宜蘭測站,宜蘭縣,49.4,26.6,48.6,48.6,51.533,48.451,48.941,48.941
2026-07-25 09:00:00,花蓮測站,花蓮縣,花蓮測站,花蓮縣,43.7,22.4,44.6,44.6,46.033,45.701,46.042,46.042
2026-07-25 09:00:00,西屯測站,臺中市,西屯測站,臺中市,75.1,41.2,76.3,76.3,76.2,73.461,74.931,74.931
2026-07-25 09:00:00,安南測站,臺南市,安南測站,臺南市,80.3,42.6,86.1,86.1,82.367,82.359,81.504,81.504
2026-07-25 09:00:00,松山測站,臺北市,松山測站,臺北市,65.4,33.8,50.5,50.5,67.433,63.454,64.716,64.716
2026-07-25 10:00:00,桃園測站,桃園市,桃園測站,桃園市,76.6,46.0,85.6,85.6,71.967,72.646,75.108,75.108
2026-07-25 10:00:00,板橋測站,新北市,板橋測站,新北市,63.3,32.0,67.0,67.0,71.4,64.01,63.69,63.69
2026-07-25 10:00:00,松山測站,臺北市,松山測站,臺北市,50.5,32.8,63.8,63.8,67.133,58.083,57.787,57.787
2026-07-25 10:00:00,西屯測站,臺中市,西屯測站,臺中市,76.3,37.9,65.0,65.0,74.767,72.994,72.519,72.519
2026-07-25 10:00:00,安南測站,臺南市,安南測站,臺南市,86.1,46.4,91.6,91.6,82.933,80.558,81.25,81.25
2026-07-25 10:00:00,前金測站,高雄市,前金測站,高雄市,89.9,51.3,87.4,87.4,93.267,85.564,87.967,87.967
2026-07-25 10:00:00,宜蘭測站,宜蘭縣,宜蘭測站,宜蘭縣,48.6,22.8,40.9,40.9,51.567,46.954,46.2,46.2
2026-07-25 10:00:00,花蓮測站,花蓮縣,花蓮測站,花蓮縣,44.6,22.4,37.0,37.0,45.8,44.988,44.143,44.143
2026-07-25 11:00:00,桃園測站,桃園市,桃園測站,桃園市,85.6,35.0,70.4,70.4,74.667,75.369,76.173,76.173
2026-07-25 11:00:00,松山測站,臺北市,松山測站,臺北市,63.8,33.4,56.2,56.2,61.633,57.7,60.121,60.121
2026-07-25 11:00:00,安南測站,臺南市,安南測站,臺南市,91.6,46.4,80.7,80.7,84.333,82.299,81.861,81.861
2026-07-25 11:00:00,前金測站,高雄市,前金測站,高雄市,87.4,51.7,84.7,84.7,93.867,85.364,87.756,87.756
2026-07-25 11:00:00,宜蘭測站,宜蘭縣,宜蘭測站,宜蘭縣,40.9,21.8,31.2,31.2,50.767,43.113,43.067,43.067
2026-07-25 11:00:00,花蓮測站,花蓮縣,花蓮測站,花蓮縣,37.0,26.4,40.6,40.6,45.2,41.957,38.839,38.839
2026-07-25 11:00:00,西屯測站,臺中市,西屯測站,臺中市,65.0,39.5,66.3,66.3,76.067,67.667,69.525,69.525
2026-07-25 11:00:00,板橋測站,新北市,板橋測站,新北市,67.0,34.3,57.9,57.9,68.4,62.612,64.86,64.86
2026-07-25 12:00:00,桃園測站,桃園市,桃園測站,桃園市,70.4,37.4,71.0,71.0,78.667,71.932,74.204,74.204
2026-07-25 12:00:00,安南測站,臺南市,安南測站,臺南市,80.7,44.6,70.0,70.0,86.0,81.135,80.556,80.556
2026-07-25 12:00:00,前金測站,高雄市,前金測站,高雄市,84.7,54.2,84.6,84.6,89.267,84.103,84.449,84.449
2026-07-25 12:00:00,宜蘭測站,宜蘭縣,宜蘭測站,宜蘭縣,31.2,23.3,39.2,39.2,46.3,37.395,39.536,39.536
2026-07-25 12:00:00,花蓮測站,花蓮縣,花蓮測站,花蓮縣,40.6,22.2,47.1,47.1,41.767,40.804,40.867,40.867
2026-07-25 12:00:00,西屯測站,臺中市,西屯測站,臺中市,66.3,38.8,66.6,66.6,72.133,66.084,68.356,68.356
2026-07-25 12:00:00,松山測站,臺北市,松山測站,臺北市,56.2,30.8,56.9,56.9,59.9,56.085,57.758,57.758
2026-07-25 12:00:00,板橋測站,新北市,板橋測站,新北市,57.9,32.6,59.9,59.9,66.133,60.614,62.097,62.097
2026-07-25 13:00:00,前金測站,高雄市,前金測站,高雄市,84.6,50.3,83.3,83.3,87.333,84.412,83.706,83.706
2026-07-25 13:00:00,桃園測站,桃園市,桃園測站,桃園市,71.0,36.0,66.2,66.2,77.533,71.79,71.89,71.89
2026-07-25 13:00:00,安南測站,臺南市,安南測站,臺南市,70.0,43.7,67.7,67.7,86.133,74.717,75.599,75.599
2026-07-25 13:00:00,西屯測站,臺中市,西屯測站,臺中市,66.6,42.6,65.8,65.8,69.2,66.725,68.323,68.323
2026-07-25 13:00:00,花蓮測站,花蓮縣,花蓮測站,花蓮縣,47.1,24.6,40.1,40.1,40.733,43.493,42.985,42.985
2026-07-25 13:00:00,宜蘭測站,宜蘭縣,宜蘭測站,宜蘭縣,39.2,24.4,46.3,46.3,40.233,38.125,38.37,38.37
2026-07-25 13:00:00,板橋測站,新北市,板橋測站,新北市,59.9,33.7,63.9,63.9,62.733,61.007,63.546,63.546
2026-07-25 13:00:00,松山測站,臺北市,松山測站,臺北市,56.9,33.1,51.4,51.4,56.833,56.393,58.939,58.939
2026-07-25 14:00:00,西屯測站,臺中市,西屯測站,臺中市,65.8,37.6,68.6,68.6,65.967,67.541,70.912,70.912
2026-07-25 14:00:00,安南測站,臺南市,安南測站,臺南市,67.7,43.1,89.5,89.5,80.767,71.324,74.899,74.899
2026-07-25 14:00:00,板橋測站,新北市,板橋測站,新北市,63.9,39.2,65.3,65.3,61.6,63.039,66.007,66.007
2026-07-25 14:00:00,松山測站,臺北市,松山測站,臺北市,51.4,27.3,62.4,62.4,58.967,54.233,54.79,54.79
2026-07-25 14:00:00,桃園測站,桃園市,桃園測站,桃園市,66.2,35.0,65.8,65.8,75.667,68.125,70.158,70.158
2026-07-25 14:00:00,前金測站,高雄市,前金測站,高雄市,83.3,50.5,84.8,84.8,85.567,83.596,85.004,85.004
2026-07-25 14:00:00,宜蘭測站,宜蘭縣,宜蘭測站,宜蘭縣,46.3,27.3,41.0,41.0,37.1,41.755,44.227,44.227
2026-07-25 14:00:00,花蓮測站,花蓮縣,花蓮測站,花蓮縣,40.1,28.9,46.3,46.3,41.567,43.379,43.793,43.793
2026-07-25 15:00:00,前金測站,高雄市,前金測站,高雄市,84.8,46.9,84.6,84.6,84.2,85.34,84.556,84.556
2026-07-25 15:00:00,西屯測站,臺中市,西屯測站,臺中市,68.6,42.4,80.3,80.3,66.233,69.341,71.304,71.304
2026-07-25 15:00:00,桃園測站,桃園市,桃園測站,桃園市,65.8,39.7,77.0,77.0,69.2,67.879,69.409,69.409
2026-07-25 15:00:00,板橋測站,新北市,板橋測站,新北市,65.3,37.6,77.6,77.6,60.567,65.4,65.888,65.888
2026-07-25 15:00:00,宜蘭測站,宜蘭縣,宜蘭測站,宜蘭縣,41.0,21.9,48.3,48.3,38.9,43.413,44.283,44.283
2026-07-25 15:00:00,松山測站,臺北市,松山測站,臺北市,62.4,31.8,68.8,68.8,54.833,58.706,61.152,61.152
2026-07-25 15:00:00,安南測站,臺南市,安南測站,臺南市,89.5,49.2,76.9,76.9,72.8,79.24,81.041,81.041
2026-07-25 15:00:00,花蓮測站,花蓮縣,花蓮測站,花蓮縣,46.3,20.5,51.2,51.2,42.6,44.394,43.444,43.444
2026-07-25 16:00:00,安南測站,臺南市,安南測站,臺南市,76.9,42.8,88.0,88.0,75.733,78.657,82.22,82.22
2026-07-25 16:00:00,桃園測站,桃園市,桃園測站,桃園市,77.0,37.1,81.1,81.1,67.667,71.705,76.109,76.109
2026-07-25 16:00:00,宜蘭測站,宜蘭縣,宜蘭測站,宜蘭縣,48.3,24.7,61.6,61.6,42.167,45.769,44.192,44.192
2026-07-25 16:00:00,花蓮測站,花蓮縣,花蓮測站,花蓮縣,51.2,18.2,46.3,46.3,44.5,45.125,43.736,43.736
2026-07-25 16:00:00,西屯測站,臺中市,西屯測站,臺中市,80.3,46.4,73.3,73.3,67.0,74.065,72.73,72.73
2026-07-25 16:00:00,板橋測站,新北市,板橋測站,新北市,77.6,35.3,68.6,68.6,63.033,69.567,70.938,70.938
2026-07-25 16:00:00,前金測站,高雄市,前金測站,高雄市,84.6,48.4,92.4,92.4,84.233,85.578,87.839,87.839
2026-07-25 16:00:00,松山測站,臺北市,松山測站,臺北市,68.8,36.3,61.3,61.3,56.9,62.944,64.203,64.203
2026-07-25 17:00:00,桃園測站,桃園市,桃園測站,桃園市,81.1,42.5,78.6,78.6,69.667,74.475,77.982,77.982
2026-07-25 17:00:00,花蓮測站,花蓮縣,花蓮測站,花蓮縣,46.3,24.8,49.2,49.2,45.867,45.146,45.448,45.448
2026-07-25 17:00:00,西屯測站,臺中市,西屯測站,臺中市,73.3,38.2,82.9,82.9,71.567,74.328,76.164,76.164
2026-07-25 17:00:00,前金測站,高雄市,前金測站,高雄市,92.4,51.6,93.3,93.3,84.233,89.026,87.724,87.724
2026-07-25 17:00:00,宜蘭測站,宜蘭縣,宜蘭測站,宜蘭縣,61.6,24.9,46.5,46.5,45.2,50.45,48.289,48.289
2026-07-25 17:00:00,板橋測站,新北市,板橋測站,新北市,68.6,39.0,68.2,68.2,68.933,68.989,69.065,69.065
2026-07-25 17:00:00,安南測站,臺南市,安南測站,臺南市,88.0,51.7,89.0,89.0,78.033,82.885,82.934,82.934
2026-07-25 17:00:00,松山測站,臺北市,松山測站,臺北市,61.3,32.5,59.1,59.1,60.867,61.462,61.017,61.017
2026-07-25 18:00:00,西屯測站,臺中市,西屯測站,臺中市,82.9,40.1,70.6,70.6,74.067,75.87,75.779,75.779
2026-07-25 18:00:00,松山測站,臺北市,松山測站,臺北市,59.1,32.2,59.6,59.6,64.167,61.262,58.356,58.356
2026-07-25 18:00:00,安南測站,臺南市,安南測站,臺南市,89.0,48.0,81.9,81.9,84.8,83.591,90.008,90.008
2026-07-25 18:00:00,花蓮測站,花蓮縣,花蓮測站,花蓮縣,49.2,29.3,43.2,43.2,47.933,44.572,45.777,45.777
2026-07-25 18:00:00,板橋測站,新北市,板橋測站,新北市,68.2,41.0,65.9,65.9,70.5,68.717,67.449,67.449
2026-07-25 18:00:00,宜蘭測站,宜蘭縣,宜蘭測站,宜蘭縣,46.5,25.0,52.6,52.6,50.3,49.365,48.209,48.209
2026-07-25 18:00:00,前金測站,高雄市,前金測站,高雄市,93.3,57.5,97.0,97.0,87.267,89.99,92.188,92.188
2026-07-25 18:00:00,桃園測站,桃園市,桃園測站,桃園市,78.6,39.5,78.6,78.6,74.633,76.411,77.369,77.369
2026-07-25 19:00:00,西屯測站,臺中市,西屯測站,臺中市,70.6,38.7,74.4,74.4,78.833,71.282,72.264,72.264
2026-07-25 19:00:00,桃園測站,桃園市,桃園測站,桃園市,78.6,38.5,63.4,63.4,78.9,74.819,73.844,73.844
2026-07-25 19:00:00,松山測站,臺北市,松山測站,臺北市,59.6,33.7,67.7,67.7,63.067,59.52,58.193,58.193
2026-07-25 19:00:00,花蓮測站,花蓮縣,花蓮測站,花蓮縣,43.2,20.7,55.4,55.4,48.9,42.457,43.053,43.053
2026-07-25 19:00:00,宜蘭測站,宜蘭縣,宜蘭測站,宜蘭縣,52.6,26.9,48.3,48.3,52.133,48.982,44.328,44.328
2026-07-25 19:00:00,前金測站,高雄市,前金測站,高雄市,97.0,57.1,88.6,88.6,90.1,92.878,93.042,93.042
2026-07-25 19:00:00,安南測站,臺南市,安南測站,臺南市,81.9,43.3,73.2,73.2,84.633,83.119,84.291,84.291
2026-07-25 19:00:00,板橋測站,新北市,板橋測站,新北市,65.9,40.0,63.6,63.6,71.467,65.648,66.672,66.672
2026-07-25 20:00:00,宜蘭測站,宜蘭縣,宜蘭測站,宜蘭縣,48.3,30.5,43.2,43.2,53.567,46.598,48.224,48.224
2026-07-25 20:00:00,西屯測站,臺中市,西屯測站,臺中市,74.4,41.3,71.4,71.4,75.6,70.877,71.278,71.278
2026-07-25 20:00:00,前金測站,高雄市,前金測站,高雄市,88.6,51.0,88.4,88.4,94.233,88.999,91.08,91.08
2026-07-25 20:00:00,桃園測站,桃園市,桃園測站,桃園市,63.4,33.4,67.7,67.7,79.433,70.142,71.774,71.774
2026-07-25 20:00:00,安南測站,臺南市,安南測站,臺南市,73.2,42.2,75.5,75.5,86.3,78.998,77.649,77.649
2026-07-25 20:00:00,松山測站,臺北市,松山測站,臺北市,67.7,32.0,60.1,60.1,60.0,60.146,62.304,62.304
2026-07-25 20:00:00,花蓮測站,花蓮縣,花蓮測站,花蓮縣,55.4,22.2,33.2,33.2,46.233,45.929,44.841,44.841
2026-07-25 20:00:00,板橋測站,新北市,板橋測站,新北市,63.6,34.5,67.2,67.2,67.567,63.795,65.96,65.96
2026-07-25 21:00:00,宜蘭測站,宜蘭縣,宜蘭測站,宜蘭縣,43.2,21.7,42.9,42.9,49.133,43.932,42.804,42.804
2026-07-25 21:00:00,松山測站,臺北市,松山測站,臺北市,60.1,29.8,62.7,62.7,62.133,58.774,59.028,59.028
2026-07-25 21:00:00,板橋測站,新北市,板橋測站,新北市,67.2,33.7,70.1,70.1,65.9,63.628,64.416,64.416
2026-07-25 21:00:00,花蓮測站,花蓮縣,花蓮測站,花蓮縣,33.2,20.5,50.3,50.3,49.267,40.483,41.255,41.255
2026-07-25 21:00:00,桃園測站,桃園市,桃園測站,桃園市,67.7,37.6,74.5,74.5,73.533,67.995,71.046,71.046
2026-07-25 21:00:00,西屯測站,臺中市,西屯測站,臺中市,71.4,43.8,67.5,67.5,75.967,69.167,69.139,69.139
2026-07-25 21:00:00,前金測站,高雄市,前金測站,高雄市,88.4,52.8,71.7,71.7,92.967,87.8,86.895,86.895
2026-07-25 21:00:00,安南測站,臺南市,安南測站,臺南市,75.5,48.0,77.6,77.6,81.367,75.802,76.744,76.744
2026-07-25 22:00:00,前金測站,高雄市,前金測站,高雄市,71.7,47.9,81.3,81.3,91.333,81.087,79.179,79.179
2026-07-25 22:00:00,花蓮測站,花蓮縣,花蓮測站,花蓮縣,50.3,21.7,43.8,43.8,43.933,42.807,41.254,41.254
2026-07-25 22:00:00,板橋測站,新北市,板橋測站,新北市,70.1,38.5,63.8,63.8,65.567,64.493,63.221,63.221
2026-07-25 22:00:00,安南測站,臺南市,安南測站,臺南市,77.6,48.1,68.5,68.5,76.867,77.732,75.513,75.513
2026-07-25 22:00:00,桃園測站,桃園市,桃園測站,桃園市,74.5,41.0,60.8,60.8,69.9,69.101,67.105,67.105
2026-07-25 22:00:00,西屯測站,臺中市,西屯測站,臺中市,67.5,41.6,70.1,70.1,72.133,67.603,70.496,70.496
2026-07-25 22:00:00,宜蘭測站,宜蘭縣,宜蘭測站,宜蘭縣,42.9,25.0,50.4,50.4,48.033,41.832,38.773,38.773
2026-07-25 22:00:00,松山測站,臺北市,松山測站,臺北市,62.7,33.6,56.9,56.9,62.467,59.61,58.79,58.79
2026-07-25 23:00:00,桃園測站,桃園市,桃園測站,桃園市,60.8,36.5,74.2,74.2,68.533,66.776,68.331,68.331
2026-07-25 23:00:00,板橋測站,新北市,板橋測站,新北市,63.8,36.1,59.4,59.4,66.967,64.01,63.337,63.337
2026-07-25 23:00:00,西屯測站,臺中市,西屯測站,臺中市,70.1,39.5,69.5,69.5,71.1,68.729,68.643,68.643
2026-07-25 23:00:00,宜蘭測站,宜蘭縣,宜蘭測站,宜蘭縣,50.4,30.7,47.3,47.3,44.8,43.894,43.126,43.126
2026-07-25 23:00:00,安南測站,臺南市,安南測站,臺南市,68.5,49.0,73.4,73.4,75.433,75.882,74.784,74.784
2026-07-25 23:00:00,前金測站,高雄市,前金測站,高雄市,81.3,56.8,76.5,76.5,82.9,81.776,81.636,81.636
2026-07-25 23:00:00,松山測站,臺北市,松山測站,臺北市,56.9,31.4,43.7,43.7,63.5,57.587,58.617,58.617
2026-07-25 23:00:00,花蓮測站,花蓮縣,花蓮測站,花蓮縣,43.8,22.7,43.1,43.1,46.3,42.441,41.76,41.76
2026-07-26 00:00:00,桃園測站,桃園市,桃園測站,桃園市,74.2,41.4,63.9,63.9,67.667,68.865,68.961,68.961
2026-07-26 00:00:00,宜蘭測站,宜蘭縣,宜蘭測站,宜蘭縣,47.3,28.7,33.5,33.5,45.5,45.23,47.366,47.366
2026-07-26 00:00:00,前金測站,高雄市,前金測站,高雄市,76.5,51.6,80.8,80.8,80.467,80.018,80.121,80.121
2026-07-26 00:00:00,松山測站,臺北市,松山測站,臺北市,43.7,26.5,55.3,55.3,59.9,51.719,52.68,52.68
2026-07-26 00:00:00,板橋測站,新北市,板橋測站,新北市,59.4,34.8,57.4,57.4,67.033,62.011,61.617,61.617
2026-07-26 00:00:00,花蓮測站,花蓮縣,花蓮測站,花蓮縣,43.1,21.1,39.1,39.1,42.433,43.374,42.926,42.926
2026-07-26 00:00:00,安南測站,臺南市,安南測站,臺南市,73.4,42.1,74.4,74.4,73.867,73.412,73.658,73.658
2026-07-26 00:00:00,西屯測站,臺中市,西屯測站,臺中市,69.5,42.5,72.9,72.9,69.667,68.634,68.95,68.95
2026-07-26 01:00:00,板橋測站,新北市,板橋測站,新北市,57.4,32.2,51.7,51.7,64.433,61.61,62.459,62.459
2026-07-26 01:00:00,安南測站,臺南市,安南測站,臺南市,74.4,42.7,72.1,72.1,73.167,74.885,72.302,72.302
2026-07-26 01:00:00,桃園測站,桃園市,桃園測站,桃園市,63.9,35.4,67.0,67.0,69.833,68.304,67.896,67.896
2026-07-26 01:00:00,花蓮測站,花蓮縣,花蓮測站,花蓮縣,39.1,24.9,25.6,25.6,45.733,43.381,43.813,43.813
2026-07-26 01:00:00,松山測站,臺北市,松山測站,臺北市,55.3,31.3,59.0,59.0,54.433,53.841,56.937,56.937
2026-07-26 01:00:00,前金測站,高雄市,前金測站,高雄市,80.8,50.2,72.8,72.8,76.5,83.0,81.277,81.277
2026-07-26 01:00:00,西屯測站,臺中市,西屯測站,臺中市,72.9,41.8,63.7,63.7,69.033,71.579,71.179,71.179
2026-07-26 01:00:00,宜蘭測站,宜蘭縣,宜蘭測站,宜蘭縣,33.5,19.5,29.6,29.6,46.867,42.232,44.087,44.087
2026-07-26 02:00:00,桃園測站,桃園市,桃園測站,桃園市,67.0,39.1,75.8,75.8,66.3,69.155,65.989,65.989
2026-07-26 02:00:00,安南測站,臺南市,安南測站,臺南市,72.1,43.4,69.4,69.4,72.1,76.752,73.63,73.63
2026-07-26 02:00:00,花蓮測站,花蓮縣,花蓮測站,花蓮縣,25.6,17.9,33.3,33.3,42.0,36.802,40.132,40.132
2026-07-26 02:00:00,板橋測站,新北市,板橋測站,新北市,51.7,35.4,64.5,64.5,60.2,60.646,61.438,61.438
2026-07-26 02:00:00,宜蘭測站,宜蘭縣,宜蘭測站,宜蘭縣,29.6,17.5,33.4,33.4,43.733,39.434,40.287,40.287
2026-07-26 02:00:00,松山測站,臺北市,松山測站,臺北市,59.0,35.0,47.2,47.2,51.967,57.214,56.55,56.55
2026-07-26 02:00:00,前金測站,高雄市,前金測站,高雄市,72.8,48.3,75.2,75.2,79.533,82.804,79.891,79.891
2026-07-26 02:00:00,西屯測站,臺中市,西屯測站,臺中市,63.7,37.9,65.9,65.9,70.833,68.581,68.781,68.781
2026-07-26 03:00:00,花蓮測站,花蓮縣,花蓮測站,花蓮縣,33.3,16.4,32.2,32.2,35.933,38.4,35.694,35.694
2026-07-26 03:00:00,安南測站,臺南市,安南測站,臺南市,69.4,41.8,78.0,78.0,73.3,75.702,74.79,74.79
2026-07-26 03:00:00,宜蘭測站,宜蘭縣,宜蘭測站,宜蘭縣,33.4,17.6,37.4,37.4,36.8,39.811,39.217,39.217
2026-07-26 03:00:00,桃園測站,桃園市,桃園測站,桃園市,75.8,45.0,77.0,77.0,68.367,71.725,72.306,72.306
2026-07-26 03:00:00,松山測站,臺北市,松山測站,臺北市,47.2,25.8,54.2,54.2,52.667,57.003,55.584,55.584
2026-07-26 03:00:00,前金測站,高雄市,前金測站,高雄市,75.2,53.3,81.8,81.8,76.7,83.185,79.266,79.266
2026-07-26 03:00:00,西屯測站,臺中市,西屯測站,臺中市,65.9,37.5,62.7,62.7,68.7,69.395,67.835,67.835
2026-07-26 03:00:00,板橋測站,新北市,板橋測站,新北市,64.5,38.9,45.9,45.9,56.167,63.198,61.975,61.975
2026-07-26 04:00:00,花蓮測站,花蓮縣,花蓮測站,花蓮縣,32.2,21.9,42.1,42.1,32.667,37.918,38.512,38.512
2026-07-26 04:00:00,桃園測站,桃園市,桃園測站,桃園市,77.0,36.1,73.1,73.1,68.9,74.171,73.398,73.398
2026-07-26 04:00:00,西屯測站,臺中市,西屯測站,臺中市,62.7,39.6,69.1,69.1,67.5,68.907,68.525,68.525
2026-07-26 04:00:00,前金測站,高雄市,前金測站,高雄市,81.8,46.5,77.3,77.3,76.267,84.597,85.199,85.199
2026-07-26 04:00:00,安南測站,臺南市,安南測站,臺南市,78.0,49.2,77.3,77.3,71.967,77.898,78.4,78.4
2026-07-26 04:00:00,松山測站,臺北市,松山測站,臺北市,54.2,33.2,58.3,58.3,53.833,57.053,57.127,57.127
2026-07-26 04:00:00,宜蘭測站,宜蘭縣,宜蘭測站,宜蘭縣,37.4,15.9,30.6,30.6,32.167,41.617,42.964,42.964
2026-07-26 04:00:00,板橋測站,新北市,板橋測站,新北市,45.9,30.5,57.4,57.4,57.867,58.818,57.732,57.732
2026-07-26 05:00:00,桃園測站,桃園市,桃園測站,桃園市,73.1,36.5,73.9,73.9,73.267,73.317,73.26,73.26
2026-07-26 05:00:00,前金測站,高雄市,前金測站,高雄市,77.3,47.3,86.7,86.7,76.6,84.32,82.667,82.667
2026-07-26 05:00:00,宜蘭測站,宜蘭縣,宜蘭測站,宜蘭縣,30.6,18.5,48.4,48.4,33.467,39.493,38.021,38.021
2026-07-26 05:00:00,松山測站,臺北市,松山測站,臺北市,58.3,33.8,57.3,57.3,53.467,58.378,58.925,58.925
2026-07-26 05:00:00,花蓮測站,花蓮縣,花蓮測站,花蓮縣,42.1,18.4,40.5,40.5,30.367,41.41,38.804,38.804
2026-07-26 05:00:00,板橋測站,新北市,板橋測站,新北市,57.4,39.6,69.9,69.9,54.033,61.189,60.47,60.47
2026-07-26 05:00:00,安南測站,臺南市,安南測站,臺南市,77.3,53.7,74.1,74.1,73.167,78.687,78.668,78.668
2026-07-26 05:00:00,西屯測站,臺中市,西屯測站,臺中市,69.1,40.8,66.3,66.3,64.1,69.991,72.368,72.368
2026-07-26 06:00:00,花蓮測站,花蓮縣,花蓮測站,花蓮縣,40.5,17.6,53.3,53.3,35.867,42.975,43.935,43.935
2026-07-26 06:00:00,桃園測站,桃園市,桃園測站,桃園市,73.9,37.1,77.9,77.9,75.3,72.128,74.166,74.166
2026-07-26 06:00:00,西屯測站,臺中市,西屯測站,臺中市,66.3,39.6,73.8,73.8,65.9,69.52,70.78,70.78
2026-07-26 06:00:00,前金測站,高雄市,前金測站,高雄市,86.7,51.6,90.1,90.1,78.1,86.261,87.13,87.13
2026-07-26 06:00:00,安南測站,臺南市,安南測站,臺南市,74.1,44.9,89.4,89.4,74.9,78.362,80.547,80.547
2026-07-26 06:00:00,松山測站,臺北市,松山測站,臺北市,57.3,30.9,57.6,57.6,53.233,59.113,60.075,60.075
2026-07-26 06:00:00,板橋測站,新北市,板橋測站,新北市,69.9,36.9,62.5,62.5,55.933,65.356,66.743,66.743
2026-07-26 06:00:00,宜蘭測站,宜蘭縣,宜蘭測站,宜蘭縣,48.4,22.9,41.7,41.7,33.8,45.628,46.663,46.663
2026-07-26 07:00:00,板橋測站,新北市,板橋測站,新北市,62.5,40.5,61.3,61.3,57.733,65.91,64.301,64.301
2026-07-26 07:00:00,桃園測站,桃園市,桃園測站,桃園市,77.9,41.0,71.1,71.1,74.667,72.434,75.797,75.797
2026-07-26 07:00:00,前金測站,高雄市,前金測站,高雄市,90.1,54.4,89.4,89.4,81.933,86.352,86.717,86.717
2026-07-26 07:00:00,松山測站,臺北市,松山測站,臺北市,57.6,31.1,66.1,66.1,56.6,58.837,59.694,59.694
2026-07-26 07:00:00,花蓮測站,花蓮縣,花蓮測站,花蓮縣,53.3,25.1,43.9,43.9,38.267,47.02,46.552,46.552
2026-07-26 07:00:00,安南測站,臺南市,安南測站,臺南市,89.4,45.1,86.0,86.0,76.467,80.175,83.397,83.397
2026-07-26 07:00:00,宜蘭測站,宜蘭縣,宜蘭測站,宜蘭縣,41.7,18.7,58.1,58.1,38.8,44.666,43.951,43.951
2026-07-26 07:00:00,西屯測站,臺中市,西屯測站,臺中市,73.8,43.5,71.2,71.2,66.033,72.079,73.469,73.469
2026-07-26 08:00:00,安南測站,臺南市,安南測站,臺南市,86.0,43.8,80.2,80.2,80.267,80.358,82.577,82.577
2026-07-26 08:00:00,桃園測站,桃園市,桃園測站,桃園市,71.1,39.9,76.7,76.7,74.967,70.41,72.461,72.461
2026-07-26 08:00:00,花蓮測站,花蓮縣,花蓮測站,花蓮縣,43.9,23.8,45.4,45.4,45.3,46.675,45.507,45.507
2026-07-26 08:00:00,西屯測站,臺中市,西屯測站,臺中市,71.2,41.6,71.6,71.6,69.733,72.528,74.266,74.266
2026-07-26 08:00:00,板橋測站,新北市,板橋測站,新北市,61.3,36.1,67.3,67.3,63.267,63.561,62.85,62.85
2026-07-26 08:00:00,松山測站,臺北市,松山測站,臺北市,66.1,36.3,59.6,59.6,57.733,59.141,64.493,64.493
2026-07-26 08:00:00,宜蘭測站,宜蘭縣,宜蘭測站,宜蘭縣,58.1,27.0,35.0,35.0,40.233,49.82,46.086,46.086
2026-07-26 08:00:00,前金測站,高雄市,前金測站,高雄市,89.4,48.4,91.9,91.9,84.7,86.135,87.029,87.029
2026-07-26 09:00:00,安南測站,臺南市,安南測站,臺南市,80.2,51.1,131.3,131.3,83.167,79.083,81.091,81.091
2026-07-26 09:00:00,桃園測站,桃園市,桃園測站,桃園市,76.7,43.3,69.2,69.2,74.3,70.417,72.716,72.716
2026-07-26 09:00:00,花蓮測站,花蓮縣,花蓮測站,花蓮縣,45.4,23.1,38.7,38.7,45.9,42.559,43.398,43.398
2026-07-26 09:00:00,宜蘭測站,宜蘭縣,宜蘭測站,宜蘭縣,35.0,23.3,49.2,49.2,49.4,42.153,38.071,38.071
2026-07-26 09:00:00,前金測站,高雄市,前金測站,高雄市,91.9,52.4,159.5,159.5,88.733,86.165,83.397,83.397
2026-07-26 09:00:00,西屯測站,臺中市,西屯測站,臺中市,71.6,37.8,59.4,59.4,70.433,70.837,72.739,72.739
2026-07-26 09:00:00,板橋測站,新北市,板橋測站,新北市,67.3,34.3,58.5,58.5,64.567,63.741,65.148,65.148
2026-07-26 09:00:00,松山測站,臺北市,松山測站,臺北市,59.6,36.6,48.4,48.4,60.333,59.394,59.582,59.582
2026-07-26 10:00:00,西屯測站,臺中市,西屯測站,臺中市,59.4,36.2,65.5,65.5,72.2,65.964,67.317,67.317
2026-07-26 10:00:00,宜蘭測站,宜蘭縣,宜蘭測站,宜蘭縣,49.2,21.0,44.5,44.5,44.933,43.221,41.353,41.353
2026-07-26 10:00:00,桃園測站,桃園市,桃園測站,桃園市,69.2,34.7,63.6,63.6,75.233,69.005,71.929,71.929
2026-07-26 10:00:00,安南測站,臺南市,安南測站,臺南市,131.3,58.7,64.8,64.8,85.2,92.765,81.811,81.811
2026-07-26 10:00:00,花蓮測站,花蓮縣,花蓮測站,花蓮縣,38.7,21.0,37.0,37.0,47.533,40.79,39.376,39.376
2026-07-26 10:00:00,板橋測站,新北市,板橋測站,新北市,58.5,35.0,59.1,59.1,63.7,62.375,60.21,60.21
2026-07-26 10:00:00,松山測站,臺北市,松山測站,臺北市,48.4,30.3,44.6,44.6,61.1,54.047,54.186,54.186
2026-07-26 10:00:00,前金測站,高雄市,前金測站,高雄市,159.5,68.7,63.4,63.4,90.467,104.729,85.987,85.987
2026-07-26 11:00:00,桃園測站,桃園市,桃園測站,桃園市,63.6,37.0,67.1,67.1,72.333,67.637,67.617,67.617
2026-07-26 11:00:00,前金測站,高雄市,前金測站,高雄市,63.4,46.0,70.1,70.1,113.6,86.52,79.881,79.881
2026-07-26 11:00:00,西屯測站,臺中市,西屯測站,臺中市,65.5,40.8,70.5,70.5,67.4,65.146,66.088,66.088
2026-07-26 11:00:00,板橋測站,新北市,板橋測站,新北市,59.1,33.7,61.1,61.1,62.367,57.746,58.596,58.596
2026-07-26 11:00:00,松山測站,臺北市,松山測站,臺北市,44.6,22.7,46.7,46.7,58.033,49.037,52.728,52.728
2026-07-26 11:00:00,宜蘭測站,宜蘭縣,宜蘭測站,宜蘭縣,44.5,20.2,33.1,33.1,47.433,42.07,40.267,40.267
2026-07-26 11:00:00,花蓮測站,花蓮縣,花蓮測站,花蓮縣,37.0,22.1,35.3,35.3,42.667,37.317,36.731,36.731
2026-07-26 11:00:00,安南測站,臺南市,安南測站,臺南市,64.8,40.1,71.7,71.7,99.167,78.791,75.212,75.212
2026-07-26 12:00:00,宜蘭測站,宜蘭縣,宜蘭測站,宜蘭縣,33.1,20.5,37.4,37.4,42.9,36.18,38.934,38.934
2026-07-26 12:00:00,花蓮測站,花蓮縣,花蓮測站,花蓮縣,35.3,18.6,31.8,31.8,40.367,36.136,38.683,38.683
2026-07-26 12:00:00,西屯測站,臺中市,西屯測站,臺中市,70.5,38.2,57.3,57.3,65.5,66.399,68.644,68.644
2026-07-26 12:00:00,安南測站,臺南市,安南測站,臺南市,71.7,44.1,70.5,70.5,92.1,74.041,75.245,75.245
2026-07-26 12:00:00,前金測站,高雄市,前金測站,高雄市,70.1,52.4,68.8,68.8,104.933,76.576,78.012,78.012
2026-07-26 12:00:00,板橋測站,新北市,板橋測站,新北市,61.1,33.3,60.2,60.2,61.633,56.581,59.757,59.757
2026-07-26 12:00:00,桃園測站,桃園市,桃園測站,桃園市,67.1,36.7,66.1,66.1,69.833,66.956,69.299,69.299
2026-07-26 12:00:00,松山測站,臺北市,松山測站,臺北市,46.7,23.7,44.5,44.5,50.867,48.307,50.548,50.548
2026-07-26 13:00:00,西屯測站,臺中市,西屯測站,臺中市,57.3,29.4,59.7,59.7,65.133,64.479,65.382,65.382
2026-07-26 13:00:00,前金測站,高雄市,前金測站,高雄市,68.8,42.4,77.1,77.1,97.667,71.292,78.332,78.332
2026-07-26 13:00:00,松山測站,臺北市,松山測站,臺北市,44.5,31.4,52.4,52.4,46.567,49.611,50.986,50.986
2026-07-26 13:00:00,板橋測站,新北市,板橋測站,新北市,60.2,42.3,51.5,51.5,59.567,59.241,61.692,61.692
2026-07-26 13:00:00,宜蘭測站,宜蘭縣,宜蘭測站,宜蘭縣,37.4,21.7,38.9,38.9,42.267,35.826,37.762,37.762
2026-07-26 13:00:00,桃園測站,桃園市,桃園測站,桃園市,66.1,38.9,68.5,68.5,66.633,67.784,67.256,67.256
2026-07-26 13:00:00,花蓮測站,花蓮縣,花蓮測站,花蓮縣,31.8,17.2,36.7,36.7,37.0,34.343,36.703,36.703
2026-07-26 13:00:00,安南測站,臺南市,安南測站,臺南市,70.5,42.1,72.7,72.7,89.267,70.076,74.771,74.771
2026-07-26 14:00:00,宜蘭測站,宜蘭縣,宜蘭測站,宜蘭縣,38.9,23.3,39.2,39.2,38.333,36.349,37.791,37.791
2026-07-26 14:00:00,桃園測站,桃園市,桃園測站,桃園市,68.5,39.5,62.7,62.7,65.6,69.438,70.828,70.828
2026-07-26 14:00:00,安南測站,臺南市,安南測站,臺南市,72.7,39.1,72.5,72.5,69.0,71.287,76.906,76.906
2026-07-26 14:00:00,前金測站,高雄市,前金測站,高雄市,77.1,50.6,84.0,84.0,67.433,75.817,80.494,80.494
2026-07-26 14:00:00,花蓮測站,花蓮縣,花蓮測站,花蓮縣,36.7,16.5,33.0,33.0,34.7,35.424,37.976,37.976
2026-07-26 14:00:00,松山測站,臺北市,松山測站,臺北市,52.4,27.9,54.8,54.8,45.267,50.972,51.41,51.41
2026-07-26 14:00:00,板橋測站,新北市,板橋測站,新北市,51.5,33.3,64.0,64.0,60.133,56.918,56.68,56.68
2026-07-26 14:00:00,西屯測站,臺中市,西屯測站,臺中市,59.7,38.3,63.8,63.8,64.433,61.601,65.708,65.708
2026-07-26 15:00:00,板橋測站,新北市,板橋測站,新北市,64.0,36.2,61.5,61.5,57.6,59.537,63.218,63.218
2026-07-26 15:00:00,宜蘭測站,宜蘭縣,宜蘭測站,宜蘭縣,39.2,15.8,37.3,37.3,36.467,40.068,40.811,40.811
2026-07-26 15:00:00,桃園測站,桃園市,桃園測站,桃園市,62.7,39.0,69.1,69.1,67.233,68.209,67.623,67.623
2026-07-26 15:00:00,前金測站,高雄市,前金測站,高雄市,84.0,54.6,82.8,82.8,72.0,81.132,85.502,85.502
2026-07-26 15:00:00,安南測站,臺南市,安南測站,臺南市,72.5,42.0,73.5,73.5,71.633,73.867,76.247,76.247
2026-07-26 15:00:00,花蓮測站,花蓮縣,花蓮測站,花蓮縣,33.0,21.8,33.1,33.1,34.6,36.198,38.342,38.342
2026-07-26 15:00:00,松山測站,臺北市,松山測站,臺北市,54.8,32.3,54.8,54.8,47.867,53.769,57.924,57.924
2026-07-26 15:00:00,西屯測站,臺中市,西屯測站,臺中市,63.8,40.9,78.5,78.5,62.5,63.367,65.518,65.518
2026-07-26 16:00:00,花蓮測站,花蓮縣,花蓮測站,花蓮縣,33.1,15.8,40.1,40.1,33.833,37.239,38.646,38.646
2026-07-26 16:00:00,宜蘭測站,宜蘭縣,宜蘭測站,宜蘭縣,37.3,17.8,45.8,45.8,38.5,37.659,40.134,40.134
2026-07-26 16:00:00,前金測站,高雄市,前金測站,高雄市,82.8,47.6,84.9,84.9,76.633,82.741,84.341,84.341
2026-07-26 16:00:00,松山測站,臺北市,松山測站,臺北市,54.8,30.2,56.2,56.2,50.567,56.951,57.903,57.903
2026-07-26 16:00:00,安南測站,臺南市,安南測站,臺南市,73.5,39.8,77.7,77.7,71.9,73.488,79.405,79.405
2026-07-26 16:00:00,西屯測站,臺中市,西屯測站,臺中市,78.5,38.4,73.1,73.1,60.267,69.939,69.399,69.399
2026-07-26 16:00:00,板橋測站,新北市,板橋測站,新北市,61.5,37.1,58.8,58.8,58.567,61.476,63.029,63.029
2026-07-26 16:00:00,桃園測站,桃園市,桃園測站,桃園市,69.1,39.4,70.5,70.5,65.767,69.888,71.948,71.948
2026-07-26 17:00:00,松山測站,臺北市,松山測站,臺北市,56.2,34.7,53.8,53.8,54.0,57.304,55.226,55.226
2026-07-26 17:00:00,安南測站,臺南市,安南測站,臺南市,77.7,42.9,81.9,81.9,72.9,80.663,80.424,80.424
2026-07-26 17:00:00,前金測站,高雄市,前金測站,高雄市,84.9,52.1,86.5,86.5,81.3,91.285,86.719,86.719
2026-07-26 17:00:00,宜蘭測站,宜蘭縣,宜蘭測站,宜蘭縣,45.8,25.8,46.2,46.2,38.467,42.936,41.145,41.145
2026-07-26 17:00:00,桃園測站,桃園市,桃園測站,桃園市,70.5,41.6,69.5,69.5,66.767,69.894,72.346,72.346
2026-07-26 17:00:00,板橋測站,新北市,板橋測站,新北市,58.8,35.3,62.3,62.3,59.0,59.825,59.356,59.356
2026-07-26 17:00:00,西屯測站,臺中市,西屯測站,臺中市,73.1,40.7,68.6,68.6,67.333,69.702,70.27,70.27
2026-07-26 17:00:00,花蓮測站,花蓮縣,花蓮測站,花蓮縣,40.1,15.5,41.5,41.5,34.267,39.384,40.792,40.792
2026-07-26 18:00:00,板橋測站,新北市,板橋測站,新北市,62.3,39.6,64.8,64.8,61.433,60.524,59.28,59.28
2026-07-26 18:00:00,宜蘭測站,宜蘭縣,宜蘭測站,宜蘭縣,46.2,26.3,37.1,37.1,40.767,44.996,45.743,45.743
2026-07-26 18:00:00,安南測站,臺南市,安南測站,臺南市,81.9,47.9,76.7,76.7,74.567,81.94,81.639,81.639
2026-07-26 18:00:00,花蓮測站,花蓮縣,花蓮測站,花蓮縣,41.5,26.3,46.8,46.8,35.4,40.934,42.818,42.818
2026-07-26 18:00:00,松山測站,臺北市,松山測站,臺北市,53.8,28.4,57.7,57.7,55.267,53.671,55.901,55.901
2026-07-26 18:00:00,西屯測站,臺中市,西屯測站,臺中市,68.6,37.2,63.9,63.9,71.8,68.171,67.989,67.989
2026-07-26 18:00:00,桃園測站,桃園市,桃園測站,桃園市,69.5,37.6,64.8,64.8,67.433,70.756,72.914,72.914
2026-07-26 18:00:00,前金測站,高雄市,前金測站,高雄市,86.5,50.7,79.6,79.6,83.9,90.651,86.43,86.43
2026-07-26 19:00:00,安南測站,臺南市,安南測站,臺南市,76.7,48.7,74.8,74.8,77.7,81.962,81.655,81.655
2026-07-26 19:00:00,桃園測站,桃園市,桃園測站,桃園市,64.8,36.8,59.4,59.4,69.7,67.958,66.816,66.816
2026-07-26 19:00:00,西屯測站,臺中市,西屯測站,臺中市,63.9,40.2,62.2,62.2,73.4,66.073,67.173,67.173
2026-07-26 19:00:00,前金測站,高雄市,前金測站,高雄市,79.6,52.5,80.5,80.5,84.733,88.007,86.39,86.39
2026-07-26 19:00:00,板橋測站,新北市,板橋測站,新北市,64.8,37.8,65.8,65.8,60.867,61.865,61.967,61.967
2026-07-26 19:00:00,宜蘭測站,宜蘭縣,宜蘭測站,宜蘭縣,37.1,20.8,37.7,37.7,43.1,42.0,42.256,42.256
2026-07-26 19:00:00,松山測站,臺北市,松山測站,臺北市,57.7,33.0,54.5,54.5,54.933,54.116,54.46,54.46
2026-07-26 19:00:00,花蓮測站,花蓮縣,花蓮測站,花蓮縣,46.8,15.7,42.6,42.6,38.233,41.718,41.378,41.378
2026-07-26 20:00:00,宜蘭測站,宜蘭縣,宜蘭測站,宜蘭縣,37.7,19.0,42.8,42.8,43.033,39.952,39.165,39.165
2026-07-26 20:00:00,安南測站,臺南市,安南測站,臺南市,74.8,38.6,61.5,61.5,78.767,78.691,78.004,78.004
2026-07-26 20:00:00,松山測站,臺北市,松山測站,臺北市,54.5,34.5,43.9,43.9,55.9,53.279,54.983,54.983
2026-07-26 20:00:00,西屯測站,臺中市,西屯測站,臺中市,62.2,37.1,65.6,65.6,68.533,63.865,65.13,65.13
2026-07-26 20:00:00,桃園測站,桃園市,桃園測站,桃園市,59.4,35.9,69.2,69.2,68.267,64.909,65.634,65.634
2026-07-26 20:00:00,花蓮測站,花蓮縣,花蓮測站,花蓮縣,42.6,22.8,30.8,30.8,42.8,40.932,40.126,40.126
2026-07-26 20:00:00,前金測站,高雄市,前金測站,高雄市,80.5,49.2,75.2,75.2,83.667,84.5,81.72,81.72
2026-07-26 20:00:00,板橋測站,新北市,板橋測站,新北市,65.8,34.4,57.8,57.8,61.967,62.775,61.86,61.86
2026-07-26 21:00:00,松山測站,臺北市,松山測站,臺北市,43.9,32.8,47.6,47.6,55.333,49.199,49.076,49.076
2026-07-26 21:00:00,西屯測站,臺中市,西屯測站,臺中市,65.6,39.8,71.5,71.5,64.9,62.872,63.722,63.722
2026-07-26 21:00:00,板橋測站,新北市,板橋測站,新北市,57.8,37.3,57.3,57.3,64.3,59.452,57.736,57.736
2026-07-26 21:00:00,安南測站,臺南市,安南測站,臺南市,61.5,38.4,71.3,71.3,77.8,72.798,71.074,71.074
2026-07-26 21:00:00,宜蘭測站,宜蘭縣,宜蘭測站,宜蘭縣,42.8,23.8,26.6,26.6,40.333,40.003,36.009,36.009
2026-07-26 21:00:00,前金測站,高雄市,前金測站,高雄市,75.2,48.6,80.4,80.4,82.2,81.8,81.381,81.381
2026-07-26 21:00:00,花蓮測站,花蓮縣,花蓮測站,花蓮縣,30.8,15.9,28.6,28.6,43.633,36.406,36.179,36.179
2026-07-26 21:00:00,桃園測站,桃園市,桃園測站,桃園市,69.2,41.4,53.6,53.6,64.567,65.63,64.836,64.836
2026-07-26 22:00:00,前金測站,高雄市,前金測站,高雄市,80.4,50.2,79.2,79.2,78.433,81.818,81.515,81.515
2026-07-26 22:00:00,西屯測站,臺中市,西屯測站,臺中市,71.5,37.2,59.3,59.3,63.9,64.575,65.463,65.463
2026-07-26 22:00:00,花蓮測站,花蓮縣,花蓮測站,花蓮縣,28.6,20.6,28.0,28.0,40.067,32.56,31.413,31.413
2026-07-26 22:00:00,松山測站,臺北市,松山測站,臺北市,47.6,32.0,55.9,55.9,52.033,48.462,49.066,49.066
2026-07-26 22:00:00,安南測站,臺南市,安南測站,臺南市,71.3,44.3,66.6,66.6,71.0,73.362,71.071,71.071
2026-07-26 22:00:00,板橋測站,新北市,板橋測站,新北市,57.3,36.2,48.9,48.9,62.8,58.044,58.461,58.461
2026-07-26 22:00:00,桃園測站,桃園市,桃園測站,桃園市,53.6,30.1,55.2,55.2,64.467,60.232,63.752,63.752
2026-07-26 22:00:00,宜蘭測站,宜蘭縣,宜蘭測站,宜蘭縣,26.6,13.3,37.1,37.1,39.2,35.535,36.584,36.584
2026-07-26 23:00:00,安南測站,臺南市,安南測站,臺南市,66.6,42.9,68.7,68.7,69.2,68.087,69.413,69.413
2026-07-26 23:00:00,花蓮測站,花蓮縣,花蓮測站,花蓮縣,28.0,20.9,36.5,36.5,34.0,31.189,31.92,31.92
2026-07-26 23:00:00,前金測站,高雄市,前金測站,高雄市,79.2,51.1,75.9,75.9,78.7,76.619,76.402,76.402
2026-07-26 23:00:00,宜蘭測站,宜蘭縣,宜蘭測站,宜蘭縣,37.1,28.8,39.8,39.8,35.7,36.897,34.539,34.539
2026-07-26 23:00:00,西屯測站,臺中市,西屯測站,臺中市,59.3,33.5,65.7,65.7,66.433,63.498,64.752,64.752
2026-07-26 23:00:00,桃園測站,桃園市,桃園測站,桃園市,55.2,30.3,68.3,68.3,60.733,59.198,64.455,64.455
2026-07-26 23:00:00,板橋測站,新北市,板橋測站,新北市,48.9,29.2,54.7,54.7,60.3,55.225,56.916,56.916
2026-07-26 23:00:00,松山測站,臺北市,松山測站,臺北市,55.9,30.4,56.1,56.1,48.667,51.378,51.595,51.595
2026-07-27 00:00:00,花蓮測站,花蓮縣,花蓮測站,花蓮縣,36.5,19.4,39.4,39.4,29.133,34.449,32.916,32.916
2026-07-27 00:00:00,前金測站,高雄市,前金測站,高雄市,75.9,51.0,80.9,80.9,78.267,78.563,75.501,75.501
2026-07-27 00:00:00,松山測站,臺北市,松山測站,臺北市,56.1,32.4,50.9,50.9,49.133,54.19,60.224,60.224
2026-07-27 00:00:00,宜蘭測站,宜蘭縣,宜蘭測站,宜蘭縣,39.8,25.4,32.3,32.3,35.5,39.402,38.977,38.977
2026-07-27 00:00:00,桃園測站,桃園市,桃園測站,桃園市,68.3,37.8,67.9,67.9,59.333,64.485,63.868,63.868
2026-07-27 00:00:00,板橋測站,新北市,板橋測站,新北市,54.7,34.4,61.3,61.3,54.667,56.375,57.995,57.995
2026-07-27 00:00:00,安南測站,臺南市,安南測站,臺南市,68.7,49.9,78.3,78.3,66.467,71.048,74.162,74.162
2026-07-27 00:00:00,西屯測站,臺中市,西屯測站,臺中市,65.7,41.9,61.0,61.0,65.467,67.233,63.153,63.153
2026-07-27 01:00:00,西屯測站,臺中市,西屯測站,臺中市,61.0,41.4,69.4,69.4,65.5,65.187,63.227,63.227
2026-07-27 01:00:00,安南測站,臺南市,安南測站,臺南市,78.3,50.3,63.6,63.6,68.867,76.092,76.895,76.895
2026-07-27 01:00:00,松山測站,臺北市,松山測站,臺北市,50.9,33.2,45.7,45.7,53.2,54.604,53.22,53.22
2026-07-27 01:00:00,板橋測站,新北市,板橋測站,新北市,61.3,32.4,51.8,51.8,53.633,59.352,60.304,60.304
2026-07-27 01:00:00,桃園測站,桃園市,桃園測站,桃園市,67.9,40.5,69.8,69.8,59.033,67.451,65.435,65.435
2026-07-27 01:00:00,宜蘭測站,宜蘭縣,宜蘭測站,宜蘭縣,32.3,21.8,34.7,34.7,34.5,39.107,36.578,36.578
2026-07-27 01:00:00,前金測站,高雄市,前金測站,高雄市,80.9,44.7,85.7,85.7,78.5,80.99,75.992,75.992
2026-07-27 01:00:00,花蓮測站,花蓮縣,花蓮測站,花蓮縣,39.4,16.9,37.7,37.7,31.033,37.801,39.16,39.16
2026-07-27 02:00:00,桃園測站,桃園市,桃園測站,桃園市,69.8,32.8,68.2,68.2,63.8,68.939,67.425,67.425
2026-07-27 02:00:00,西屯測站,臺中市,西屯測站,臺中市,69.4,41.1,64.1,64.1,62.0,68.564,66.961,66.961
2026-07-27 02:00:00,安南測站,臺南市,安南測站,臺南市,63.6,41.1,71.9,71.9,71.2,74.962,71.017,71.017
2026-07-27 02:00:00,松山測站,臺北市,松山測站,臺北市,45.7,28.2,53.3,53.3,54.3,52.192,50.259,50.259
2026-07-27 02:00:00,前金測站,高雄市,前金測站,高雄市,85.7,46.3,77.2,77.2,78.667,83.329,79.972,79.972
2026-07-27 02:00:00,宜蘭測站,宜蘭縣,宜蘭測站,宜蘭縣,34.7,20.3,37.8,37.8,36.4,39.734,37.319,37.319
2026-07-27 02:00:00,板橋測站,新北市,板橋測站,新北市,51.8,31.6,56.0,56.0,54.967,58.52,55.533,55.533
2026-07-27 02:00:00,花蓮測站,花蓮縣,花蓮測站,花蓮縣,37.7,21.8,36.0,36.0,34.633,39.602,38.467,38.467
2026-07-27 03:00:00,西屯測站,臺中市,西屯測站,臺中市,64.1,34.8,66.8,66.8,65.367,67.087,67.806,67.806
2026-07-27 03:00:00,松山測站,臺北市,松山測站,臺北市,53.3,32.7,45.8,45.8,50.9,55.458,55.598,55.598
2026-07-27 03:00:00,宜蘭測站,宜蘭縣,宜蘭測站,宜蘭縣,37.8,20.6,34.9,34.9,35.6,40.507,39.758,39.758
2026-07-27 03:00:00,花蓮測站,花蓮縣,花蓮測站,花蓮縣,36.0,24.8,32.0,32.0,37.867,40.144,34.988,34.988
2026-07-27 03:00:00,板橋測站,新北市,板橋測站,新北市,56.0,31.2,56.6,56.6,55.933,60.746,57.897,57.897
2026-07-27 03:00:00,前金測站,高雄市,前金測站,高雄市,77.2,47.1,80.4,80.4,80.833,83.201,79.898,79.898
2026-07-27 03:00:00,桃園測站,桃園市,桃園測站,桃園市,68.2,39.7,66.4,66.4,68.667,68.484,65.572,65.572
2026-07-27 03:00:00,安南測站,臺南市,安南測站,臺南市,71.9,42.8,87.5,87.5,70.2,75.059,74.401,74.401
2026-07-27 04:00:00,宜蘭測站,宜蘭縣,宜蘭測站,宜蘭縣,34.9,20.5,31.6,31.6,34.933,40.118,36.661,36.661
2026-07-27 04:00:00,松山測站,臺北市,松山測站,臺北市,45.8,29.0,58.0,58.0,49.967,53.258,51.378,51.378
2026-07-27 04:00:00,桃園測站,桃園市,桃園測站,桃園市,66.4,39.1,72.5,72.5,68.633,69.171,69.177,69.177
2026-07-27 04:00:00,西屯測站,臺中市,西屯測站,臺中市,66.8,39.3,71.5,71.5,64.833,68.197,68.267,68.267
2026-07-27 04:00:00,板橋測站,新北市,板橋測站,新北市,56.6,34.8,65.6,65.6,56.367,60.217,57.196,57.196
2026-07-27 04:00:00,花蓮測站,花蓮縣,花蓮測站,花蓮縣,32.0,18.4,44.7,44.7,37.7,38.656,34.963,34.963
2026-07-27 04:00:00,前金測站,高雄市,前金測站,高雄市,80.4,45.8,86.5,86.5,81.267,81.624,80.768,80.768
2026-07-27 04:00:00,安南測站,臺南市,安南測站,臺南市,87.5,52.7,74.4,74.4,71.267,80.673,78.161,78.161
2026-07-27 05:00:00,宜蘭測站,宜蘭縣,宜蘭測站,宜蘭縣,31.6,21.1,41.2,41.2,35.8,37.755,33.034,33.034
2026-07-27 05:00:00,花蓮測站,花蓮縣,花蓮測站,花蓮縣,44.7,23.9,35.0,35.0,35.233,40.811,42.06,42.06
2026-07-27 05:00:00,西屯測站,臺中市,西屯測站,臺中市,71.5,44.7,80.0,80.0,66.767,70.284,71.457,71.457
2026-07-27 05:00:00,安南測站,臺南市,安南測站,臺南市,74.4,45.9,76.8,76.8,74.333,78.681,80.4,80.4
2026-07-27 05:00:00,板橋測站,新北市,板橋測站,新北市,65.6,35.3,65.5,65.5,54.8,63.013,62.473,62.473
2026-07-27 05:00:00,松山測站,臺北市,松山測站,臺北市,58.0,35.8,92.7,92.7,48.267,55.044,59.294,59.294
2026-07-27 05:00:00,桃園測站,桃園市,桃園測站,桃園市,72.5,40.8,69.9,69.9,68.133,68.364,70.462,70.462
2026-07-27 05:00:00,前金測站,高雄市,前金測站,高雄市,86.5,54.4,85.5,85.5,81.1,84.664,84.943,84.943
2026-07-27 06:00:00,安南測站,臺南市,安南測站,臺南市,76.8,43.0,89.2,89.2,77.933,77.077,79.55,79.55
2026-07-27 06:00:00,松山測站,臺北市,松山測站,臺北市,92.7,43.1,61.6,61.6,52.367,67.763,61.114,61.114
2026-07-27 06:00:00,桃園測站,桃園市,桃園測站,桃園市,69.9,34.6,78.9,78.9,69.033,67.823,73.412,73.412
2026-07-27 06:00:00,前金測站,高雄市,前金測站,高雄市,85.5,47.0,84.2,84.2,81.367,84.086,84.754,84.754
2026-07-27 06:00:00,花蓮測站,花蓮縣,花蓮測站,花蓮縣,35.0,16.5,41.8,41.8,37.567,39.212,37.745,37.745
2026-07-27 06:00:00,宜蘭測站,宜蘭縣,宜蘭測站,宜蘭縣,41.2,26.8,42.5,42.5,34.767,40.313,40.914,40.914
2026-07-27 06:00:00,板橋測站,新北市,板橋測站,新北市,65.5,35.9,64.2,64.2,59.4,64.393,64.012,64.012
2026-07-27 06:00:00,西屯測站,臺中市,西屯測站,臺中市,80.0,41.2,63.8,63.8,67.467,72.48,75.922,75.922
2026-07-27 07:00:00,花蓮測站,花蓮縣,花蓮測站,花蓮縣,41.8,27.4,47.4,47.4,37.233,41.184,43.277,43.277
2026-07-27 07:00:00,西屯測站,臺中市,西屯測站,臺中市,63.8,35.1,72.8,72.8,72.767,69.123,72.346,72.346
2026-07-27 07:00:00,桃園測站,桃園市,桃園測站,桃園市,78.9,41.1,80.2,80.2,69.6,69.784,74.364,74.364
2026-07-27 07:00:00,板橋測站,新北市,板橋測站,新北市,64.2,35.6,68.0,68.0,62.567,63.845,65.442,65.442
2026-07-27 07:00:00,宜蘭測站,宜蘭縣,宜蘭測站,宜蘭縣,42.5,18.6,46.6,46.6,35.9,41.738,43.919,43.919
2026-07-27 07:00:00,安南測站,臺南市,安南測站,臺南市,89.2,46.6,81.7,81.7,79.567,79.17,82.24,82.24
2026-07-27 07:00:00,前金測站,高雄市,前金測站,高雄市,84.2,48.1,86.4,86.4,84.133,83.605,85.792,85.792
2026-07-27 07:00:00,松山測站,臺北市,松山測站,臺北市,61.6,35.8,59.3,59.3,65.5,64.921,59.645,59.645
2026-07-27 08:00:00,板橋測站,新北市,板橋測站,新北市,68.0,35.5,64.6,64.6,65.1,64.615,66.933,66.933
2026-07-27 08:00:00,宜蘭測站,宜蘭縣,宜蘭測站,宜蘭縣,46.6,25.5,47.4,47.4,38.433,43.726,45.539,45.539
2026-07-27 08:00:00,花蓮測站,花蓮縣,花蓮測站,花蓮縣,47.4,21.7,49.8,49.8,40.5,42.258,47.167,47.167
2026-07-27 08:00:00,安南測站,臺南市,安南測站,臺南市,81.7,45.9,87.4,87.4,80.133,78.879,80.893,80.893
2026-07-27 08:00:00,西屯測站,臺中市,西屯測站,臺中市,72.8,43.0,70.4,70.4,71.767,70.52,72.606,72.606
2026-07-27 08:00:00,前金測站,高雄市,前金測站,高雄市,86.4,53.9,85.1,85.1,85.4,84.154,85.727,85.727
2026-07-27 08:00:00,松山測站,臺北市,松山測站,臺北市,59.3,30.5,60.5,60.5,70.767,60.152,58.31,58.31
2026-07-27 08:00:00,桃園測站,桃園市,桃園測站,桃園市,80.2,41.2,74.4,74.4,73.767,71.517,76.415,76.415
2026-07-27 09:00:00,花蓮測站,花蓮縣,花蓮測站,花蓮縣,49.8,23.0,47.8,47.8,41.4,43.739,44.146,44.146
2026-07-27 09:00:00,西屯測站,臺中市,西屯測站,臺中市,70.4,42.5,68.7,68.7,72.2,69.982,71.886,71.886
2026-07-27 09:00:00,桃園測站,桃園市,桃園測站,桃園市,74.4,39.4,72.3,72.3,76.333,71.518,71.722,71.722
2026-07-27 09:00:00,板橋測站,新北市,板橋測站,新北市,64.6,32.0,64.1,64.1,65.9,62.294,64.506,64.506
2026-07-27 09:00:00,前金測站,高雄市,前金測站,高雄市,85.1,55.4,88.3,88.3,85.367,85.309,84.223,84.223
2026-07-27 09:00:00,宜蘭測站,宜蘭縣,宜蘭測站,宜蘭縣,47.4,22.9,45.4,45.4,43.433,43.596,44.316,44.316
2026-07-27 09:00:00,松山測站,臺北市,松山測站,臺北市,60.5,36.0,52.4,52.4,71.2,56.976,61.534,61.534
2026-07-27 09:00:00,安南測站,臺南市,安南測站,臺南市,87.4,47.1,72.7,72.7,82.567,78.515,80.521,80.521
2026-07-27 10:00:00,板橋測站,新北市,板橋測站,新北市,64.1,34.1,61.5,61.5,65.6,61.337,61.446,61.446
2026-07-27 10:00:00,西屯測站,臺中市,西屯測站,臺中市,68.7,42.5,61.5,61.5,69.0,68.993,69.598,69.598
2026-07-27 10:00:00,宜蘭測站,宜蘭縣,宜蘭測站,宜蘭縣,45.4,19.9,26.7,26.7,45.5,42.824,41.7,41.7
2026-07-27 10:00:00,前金測站,高雄市,前金測站,高雄市,88.3,48.9,72.5,72.5,85.233,85.719,87.662,87.662
2026-07-27 10:00:00,松山測站,臺北市,松山測站,臺北市,52.4,35.9,57.7,57.7,60.467,55.444,57.706,57.706
2026-07-27 10:00:00,花蓮測站,花蓮縣,花蓮測站,花蓮縣,47.8,23.0,35.5,35.5,46.333,44.073,41.34,41.34
2026-07-27 10:00:00,安南測站,臺南市,安南測站,臺南市,72.7,44.0,78.3,78.3,86.1,75.026,73.547,73.547
2026-07-27 10:00:00,桃園測站,桃園市,桃園測站,桃園市,72.3,39.6,71.5,71.5,77.833,69.391,67.029,67.029
2026-07-27 11:00:00,松山測站,臺北市,松山測站,臺北市,57.7,33.5,58.7,58.7,57.4,55.377,58.811,58.811
2026-07-27 11:00:00,西屯測站,臺中市,西屯測站,臺中市,61.5,36.9,65.9,65.9,70.633,66.158,65.558,65.558
2026-07-27 11:00:00,宜蘭測站,宜蘭縣,宜蘭測站,宜蘭縣,26.7,16.1,38.6,38.6,46.467,36.423,38.337,38.337
2026-07-27 11:00:00,桃園測站,桃園市,桃園測站,桃園市,71.5,37.0,60.9,60.9,75.633,69.275,68.416,68.416
2026-07-27 11:00:00,安南測站,臺南市,安南測站,臺南市,78.3,45.8,70.4,70.4,80.6,76.219,75.651,75.651
2026-07-27 11:00:00,花蓮測站,花蓮縣,花蓮測站,花蓮縣,35.5,22.8,30.1,30.1,48.333,39.481,37.866,37.866
2026-07-27 11:00:00,板橋測站,新北市,板橋測站,新北市,61.5,30.5,56.6,56.6,65.567,58.903,57.965,57.965
2026-07-27 11:00:00,前金測站,高雄市,前金測站,高雄市,72.5,53.5,77.1,77.1,86.6,81.658,78.481,78.481
2026-07-27 12:00:00,花蓮測站,花蓮縣,花蓮測站,花蓮縣,30.1,19.4,40.2,40.2,44.367,36.678,39.765,39.765
2026-07-27 12:00:00,板橋測站,新北市,板橋測站,新北市,56.6,30.4,63.9,63.9,63.4,57.581,58.281,58.281
2026-07-27 12:00:00,宜蘭測站,宜蘭縣,宜蘭測站,宜蘭縣,38.6,20.3,40.4,40.4,39.833,36.389,37.585,37.585
2026-07-27 12:00:00,西屯測站,臺中市,西屯測站,臺中市,65.9,42.0,55.1,55.1,66.867,66.672,66.624,66.624
2026-07-27 12:00:00,前金測站,高雄市,前金測站,高雄市,77.1,49.4,74.5,74.5,81.967,80.089,80.376,80.376
2026-07-27 12:00:00,桃園測站,桃園市,桃園測站,桃園市,60.9,35.8,67.3,67.3,72.733,67.445,66.998,66.998
2026-07-27 12:00:00,安南測站,臺南市,安南測站,臺南市,70.4,42.8,76.5,76.5,79.467,74.167,73.821,73.821
2026-07-27 12:00:00,松山測站,臺北市,松山測站,臺北市,58.7,33.2,45.7,45.7,56.867,56.011,58.36,58.36
2026-07-27 13:00:00,西屯測站,臺中市,西屯測站,臺中市,55.1,30.4,71.9,71.9,65.367,63.812,64.097,64.097
2026-07-27 13:00:00,宜蘭測站,宜蘭縣,宜蘭測站,宜蘭縣,40.4,25.9,35.5,35.5,36.9,38.088,41.193,41.193
2026-07-27 13:00:00,前金測站,高雄市,前金測站,高雄市,74.5,45.4,87.2,87.2,79.3,79.769,78.352,78.352
2026-07-27 13:00:00,安南測站,臺南市,安南測站,臺南市,76.5,41.6,79.1,79.1,73.8,75.215,74.519,74.519
2026-07-27 13:00:00,花蓮測站,花蓮縣,花蓮測站,花蓮縣,40.2,19.6,38.1,38.1,37.8,37.617,38.417,38.417
2026-07-27 13:00:00,桃園測站,桃園市,桃園測站,桃園市,67.3,40.0,63.9,63.9,68.233,66.969,68.451,68.451
2026-07-27 13:00:00,松山測站,臺北市,松山測站,臺北市,45.7,26.3,58.9,58.9,56.267,55.643,52.828,52.828
2026-07-27 13:00:00,板橋測站,新北市,板橋測站,新北市,63.9,31.5,51.0,51.0,60.733,60.125,62.202,62.202
2026-07-27 14:00:00,桃園測站,桃園市,桃園測站,桃園市,63.9,38.3,70.6,70.6,66.567,68.149,68.036,68.036
2026-07-27 14:00:00,板橋測站,新北市,板橋測站,新北市,51.0,29.7,55.5,55.5,60.667,57.44,56.224,56.224
2026-07-27 14:00:00,安南測站,臺南市,安南測站,臺南市,79.1,44.8,80.2,80.2,75.067,77.437,76.766,76.766
2026-07-27 14:00:00,松山測站,臺北市,松山測站,臺北市,58.9,34.5,41.9,41.9,54.033,58.333,58.496,58.496
2026-07-27 14:00:00,花蓮測站,花蓮縣,花蓮測站,花蓮縣,38.1,18.6,42.1,42.1,35.267,38.291,39.521,39.521
2026-07-27 14:00:00,西屯測站,臺中市,西屯測站,臺中市,71.9,37.3,71.5,71.5,60.833,66.881,71.761,71.761
2026-07-27 14:00:00,宜蘭測站,宜蘭縣,宜蘭測站,宜蘭縣,35.5,19.4,39.0,39.0,35.233,37.8,40.014,40.014
2026-07-27 14:00:00,前金測站,高雄市,前金測站,高雄市,87.2,55.7,81.4,81.4,74.7,83.327,84.862,84.862
2026-07-27 15:00:00,松山測站,臺北市,松山測站,臺北市,41.9,27.4,52.5,52.5,54.433,54.731,52.151,52.151
2026-07-27 15:00:00,宜蘭測站,宜蘭縣,宜蘭測站,宜蘭縣,39.0,19.4,40.9,40.9,38.167,39.843,41.331,41.331
2026-07-27 15:00:00,板橋測站,新北市,板橋測站,新北市,55.5,27.9,52.4,52.4,57.167,58.847,57.617,57.617
2026-07-27 15:00:00,前金測站,高雄市,前金測站,高雄市,81.4,52.3,83.2,83.2,79.6,83.918,85.6,85.6
2026-07-27 15:00:00,西屯測站,臺中市,西屯測站,臺中市,71.5,39.2,74.6,74.6,64.3,70.251,69.845,69.845
2026-07-27 15:00:00,花蓮測站,花蓮縣,花蓮測站,花蓮縣,42.1,24.9,38.9,38.9,36.133,41.058,42.319,42.319
2026-07-27 15:00:00,桃園測站,桃園市,桃園測站,桃園市,70.6,38.0,76.3,76.3,64.033,70.338,74.765,74.765
2026-07-27 15:00:00,安南測站,臺南市,安南測站,臺南市,80.2,52.3,78.4,78.4,75.333,80.365,81.009,81.009
2026-07-27 16:00:00,安南測站,臺南市,安南測站,臺南市,78.4,45.4,78.8,78.8,78.6,81.974,81.45,81.45
2026-07-27 16:00:00,板橋測站,新北市,板橋測站,新北市,52.4,34.6,71.3,71.3,56.8,58.752,56.931,56.931
2026-07-27 16:00:00,西屯測站,臺中市,西屯測站,臺中市,74.6,45.7,81.0,81.0,66.167,73.274,71.693,71.693
2026-07-27 16:00:00,松山測站,臺北市,松山測站,臺北市,52.5,29.1,52.7,52.7,48.833,56.979,56.031,56.031
2026-07-27 16:00:00,花蓮測站,花蓮縣,花蓮測站,花蓮縣,38.9,19.3,43.6,43.6,40.133,41.797,43.498,43.498
2026-07-27 16:00:00,前金測站,高雄市,前金測站,高雄市,83.2,55.9,87.3,87.3,81.033,85.325,84.461,84.461
2026-07-27 16:00:00,宜蘭測站,宜蘭縣,宜蘭測站,宜蘭縣,40.9,14.1,39.0,39.0,38.3,39.702,41.648,41.648
2026-07-27 16:00:00,桃園測站,桃園市,桃園測站,桃園市,76.3,39.7,65.2,65.2,67.267,73.668,75.887,75.887
2026-07-27 17:00:00,桃園測站,桃園市,桃園測站,桃園市,65.2,35.7,81.7,81.7,70.267,71.465,69.922,69.922
2026-07-27 17:00:00,前金測站,高雄市,前金測站,高雄市,87.3,51.6,86.0,86.0,83.933,87.851,87.642,87.642
2026-07-27 17:00:00,安南測站,臺南市,安南測站,臺南市,78.8,48.6,80.5,80.5,79.233,80.663,80.739,80.739
2026-07-27 17:00:00,宜蘭測站,宜蘭縣,宜蘭測站,宜蘭縣,39.0,19.1,45.9,45.9,38.467,41.262,40.259,40.259
2026-07-27 17:00:00,板橋測站,新北市,板橋測站,新北市,71.3,38.1,68.0,68.0,52.967,65.159,65.053,65.053
2026-07-27 17:00:00,松山測站,臺北市,松山測站,臺北市,52.7,31.2,57.9,57.9,51.1,57.96,57.967,57.967
2026-07-27 17:00:00,西屯測站,臺中市,西屯測站,臺中市,81.0,41.3,71.8,71.8,72.667,75.269,73.194,73.194
2026-07-27 17:00:00,花蓮測站,花蓮縣,花蓮測站,花蓮縣,43.6,24.0,48.3,48.3,39.7,44.515,42.512,42.512
2026-07-27 18:00:00,花蓮測站,花蓮縣,花蓮測站,花蓮縣,48.3,24.2,47.9,47.9,41.533,45.646,43.004,43.004
2026-07-27 18:00:00,西屯測站,臺中市,西屯測站,臺中市,71.8,37.3,71.6,71.6,75.7,72.676,70.292,70.292
2026-07-27 18:00:00,安南測站,臺南市,安南測站,臺南市,80.5,42.3,81.1,81.1,79.133,81.222,80.752,80.752
2026-07-27 18:00:00,松山測站,臺北市,松山測站,臺北市,57.9,32.1,63.1,63.1,49.033,60.721,60.063,60.063
2026-07-27 18:00:00,板橋測站,新北市,板橋測站,新北市,68.0,37.0,69.6,69.6,59.733,66.131,64.997,64.997
2026-07-27 18:00:00,前金測站,高雄市,前金測站,高雄市,86.0,47.9,76.5,76.5,83.967,85.826,84.98,84.98
2026-07-27 18:00:00,宜蘭測站,宜蘭縣,宜蘭測站,宜蘭縣,45.9,17.4,41.2,41.2,39.633,42.159,41.671,41.671
2026-07-27 18:00:00,桃園測站,桃園市,桃園測站,桃園市,81.7,40.9,73.0,73.0,70.7,74.818,78.924,78.924
2026-07-27 19:00:00,安南測站,臺南市,安南測站,臺南市,81.1,47.9,79.9,79.9,79.233,80.347,80.885,80.885
2026-07-27 19:00:00,板橋測站,新北市,板橋測站,新北市,69.6,38.7,67.1,67.1,63.9,67.812,65.975,65.975
2026-07-27 19:00:00,前金測站,高雄市,前金測站,高雄市,76.5,45.7,77.2,77.2,85.5,81.058,81.12,81.12
2026-07-27 19:00:00,桃園測站,桃園市,桃園測站,桃園市,73.0,40.7,74.9,74.9,74.4,72.721,73.816,73.816
2026-07-27 19:00:00,花蓮測站,花蓮縣,花蓮測站,花蓮縣,47.9,23.1,51.9,51.9,43.6,45.683,44.071,44.071
2026-07-27 19:00:00,松山測站,臺北市,松山測站,臺北市,63.1,32.7,59.4,59.4,54.367,60.104,57.206,57.206
2026-07-27 19:00:00,宜蘭測站,宜蘭縣,宜蘭測站,宜蘭縣,41.2,24.4,39.2,39.2,41.933,42.224,42.842,42.842
2026-07-27 19:00:00,西屯測站,臺中市,西屯測站,臺中市,71.6,40.3,75.6,75.6,75.8,70.859,68.177,68.177
2026-07-27 20:00:00,板橋測站,新北市,板橋測站,新北市,67.1,37.1,54.9,54.9,69.633,66.64,64.093,64.093
2026-07-27 20:00:00,松山測站,臺北市,松山測站,臺北市,59.4,32.1,47.6,47.6,57.9,59.392,56.672,56.672
2026-07-27 20:00:00,安南測站,臺南市,安南測站,臺南市,79.9,46.8,70.1,70.1,80.133,79.3,79.339,79.339
2026-07-27 20:00:00,宜蘭測站,宜蘭縣,宜蘭測站,宜蘭縣,39.2,23.8,39.6,39.6,42.033,41.887,40.67,40.67
2026-07-27 20:00:00,桃園測站,桃園市,桃園測站,桃園市,74.9,42.3,70.7,70.7,73.3,74.283,72.969,72.969
2026-07-27 20:00:00,前金測站,高雄市,前金測站,高雄市,77.2,54.2,84.5,84.5,83.267,79.71,79.16,79.16
2026-07-27 20:00:00,花蓮測站,花蓮縣,花蓮測站,花蓮縣,51.9,26.9,35.8,35.8,46.6,47.641,42.763,42.763
2026-07-27 20:00:00,西屯測站,臺中市,西屯測站,臺中市,75.6,41.2,72.2,72.2,74.8,69.237,68.316,68.316
2026-07-27 21:00:00,安南測站,臺南市,安南測站,臺南市,70.1,38.7,80.4,80.4,80.5,75.914,74.957,74.957
2026-07-27 21:00:00,桃園測站,桃園市,桃園測站,桃園市,70.7,44.7,70.8,70.8,76.533,71.087,69.07,69.07
2026-07-27 21:00:00,松山測站,臺北市,松山測站,臺北市,47.6,29.8,56.7,56.7,60.133,55.927,53.208,53.208
2026-07-27 21:00:00,板橋測站,新北市,板橋測站,新北市,54.9,36.2,55.4,55.4,68.233,61.666,60.309,60.309
2026-07-27 21:00:00,前金測站,高雄市,前金測站,高雄市,84.5,56.3,83.2,83.2,79.9,82.472,80.444,80.444
2026-07-27 21:00:00,宜蘭測站,宜蘭縣,宜蘭測站,宜蘭縣,39.6,15.6,35.5,35.5,42.1,39.436,37.252,37.252
2026-07-27 21:00:00,西屯測站,臺中市,西屯測站,臺中市,72.2,38.9,62.3,62.3,73.0,70.376,67.611,67.611
2026-07-27 21:00:00,花蓮測站,花蓮縣,花蓮測站,花蓮縣,35.8,17.8,44.0,44.0,49.367,41.723,37.71,37.71
2026-07-27 22:00:00,松山測站,臺北市,松山測站,臺北市,56.7,32.6,51.6,51.6,56.7,54.42,55.559,55.559
2026-07-27 22:00:00,桃園測站,桃園市,桃園測站,桃園市,70.8,42.6,73.1,73.1,72.867,70.779,70.622,70.622
2026-07-27 22:00:00,安南測站,臺南市,安南測站,臺南市,80.4,49.5,71.3,71.3,77.033,77.85,74.003,74.003
2026-07-27 22:00:00,花蓮測站,花蓮縣,花蓮測站,花蓮縣,44.0,24.0,32.1,32.1,45.2,41.735,39.771,39.771
2026-07-27 22:00:00,西屯測站,臺中市,西屯測站,臺中市,62.3,39.1,57.1,57.1,73.133,67.304,65.863,65.863
2026-07-27 22:00:00,宜蘭測站,宜蘭縣,宜蘭測站,宜蘭縣,35.5,23.4,40.1,40.1,40.0,39.239,36.972,36.972
2026-07-27 22:00:00,前金測站,高雄市,前金測站,高雄市,83.2,53.7,80.9,80.9,79.4,83.98,80.806,80.806
2026-07-27 22:00:00,板橋測站,新北市,板橋測站,新北市,55.4,37.2,64.3,64.3,63.867,59.44,57.874,57.874
2026-07-27 23:00:00,桃園測站,桃園市,桃園測站,桃園市,73.1,35.6,63.8,63.8,72.133,70.837,68.203,68.203
2026-07-27 23:00:00,安南測站,臺南市,安南測站,臺南市,71.3,42.6,72.1,72.1,76.8,76.084,73.574,73.574
2026-07-27 23:00:00,西屯測站,臺中市,西屯測站,臺中市,57.1,36.6,69.7,69.7,70.033,64.213,64.826,64.826
2026-07-27 23:00:00,松山測站,臺北市,松山測站,臺北市,51.6,31.1,43.6,43.6,54.567,54.525,51.52,51.52
2026-07-27 23:00:00,宜蘭測站,宜蘭縣,宜蘭測站,宜蘭縣,40.1,22.3,50.3,50.3,38.1,39.691,33.863,33.863
2026-07-27 23:00:00,花蓮測站,花蓮縣,花蓮測站,花蓮縣,32.1,19.3,44.2,44.2,43.9,37.123,38.839,38.839
2026-07-27 23:00:00,前金測站,高雄市,前金測站,高雄市,80.9,53.7,77.4,77.4,81.633,83.271,79.294,79.294
2026-07-27 23:00:00,板橋測站,新北市,板橋測站,新北市,64.3,36.6,61.7,61.7,59.133,59.713,61.89,61.89
2026-07-28 00:00:00,松山測站,臺北市,松山測站,臺北市,43.6,26.1,48.6,48.6,51.967,49.879,49.227,49.227
2026-07-28 00:00:00,西屯測站,臺中市,西屯測站,臺中市,69.7,34.1,57.3,57.3,63.867,65.83,68.159,68.159
2026-07-28 00:00:00,前金測站,高雄市,前金測站,高雄市,77.4,47.2,82.4,82.4,82.867,81.946,77.656,77.656
2026-07-28 00:00:00,安南測站,臺南市,安南測站,臺南市,72.1,42.6,71.3,71.3,73.933,74.368,72.554,72.554
2026-07-28 00:00:00,桃園測站,桃園市,桃園測站,桃園市,63.8,35.7,63.7,63.7,71.533,66.139,67.453,67.453
2026-07-28 00:00:00,花蓮測站,花蓮縣,花蓮測站,花蓮縣,44.2,24.0,37.1,37.1,37.3,39.311,41.221,41.221
2026-07-28 00:00:00,宜蘭測站,宜蘭縣,宜蘭測站,宜蘭縣,50.3,23.6,24.5,24.5,38.4,42.224,42.124,42.124
2026-07-28 00:00:00,板橋測站,新北市,板橋測站,新北市,61.7,36.2,49.3,49.3,58.2,60.283,62.1,62.1
2026-07-28 01:00:00,安南測站,臺南市,安南測站,臺南市,71.3,47.4,69.1,69.1,74.6,75.717,73.814,73.814
2026-07-28 01:00:00,桃園測站,桃園市,桃園測站,桃園市,63.7,44.8,67.0,67.0,69.233,68.083,65.34,65.34
2026-07-28 01:00:00,板橋測站,新北市,板橋測站,新北市,49.3,30.9,60.8,60.8,60.467,58.462,55.764,55.764
2026-07-28 01:00:00,西屯測站,臺中市,西屯測站,臺中市,57.3,38.1,64.7,64.7,63.033,65.896,63.106,63.106
2026-07-28 01:00:00,花蓮測站,花蓮縣,花蓮測站,花蓮縣,37.1,18.3,34.5,34.5,40.1,39.709,37.631,37.631
2026-07-28 01:00:00,宜蘭測站,宜蘭縣,宜蘭測站,宜蘭縣,24.5,24.6,32.0,32.0,41.967,37.885,34.932,34.932
2026-07-28 01:00:00,松山測站,臺北市,松山測站,臺北市,48.6,25.0,55.6,55.6,50.633,49.173,48.308,48.308
2026-07-28 01:00:00,前金測站,高雄市,前金測站,高雄市,82.4,48.1,85.2,85.2,80.5,82.009,78.612,78.612
2026-07-28 02:00:00,宜蘭測站,宜蘭縣,宜蘭測站,宜蘭縣,32.0,18.5,45.2,45.2,38.3,37.554,37.017,37.017
2026-07-28 02:00:00,松山測站,臺北市,松山測站,臺北市,55.6,32.5,54.7,54.7,47.933,54.188,55.583,55.583
2026-07-28 02:00:00,前金測站,高雄市,前金測站,高雄市,85.2,57.1,87.2,87.2,80.233,84.396,82.589,82.589
2026-07-28 02:00:00,板橋測站,新北市,板橋測站,新北市,60.8,33.6,57.8,57.8,58.433,59.871,61.784,61.784
2026-07-28 02:00:00,西屯測站,臺中市,西屯測站,臺中市,64.7,42.1,64.1,64.1,61.367,68.766,63.87,63.87
2026-07-28 02:00:00,桃園測站,桃園市,桃園測站,桃園市,67.0,43.0,61.7,61.7,66.867,69.369,70.505,70.505
2026-07-28 02:00:00,花蓮測站,花蓮縣,花蓮測站,花蓮縣,34.5,21.6,17.6,17.6,37.8,40.29,36.439,36.439
2026-07-28 02:00:00,安南測站,臺南市,安南測站,臺南市,69.1,45.8,76.6,76.6,71.567,75.802,74.104,74.104
2026-07-28 03:00:00,板橋測站,新北市,板橋測站,新北市,57.8,33.2,58.3,58.3,57.267,60.931,59.631,59.631
2026-07-28 03:00:00,松山測站,臺北市,松山測站,臺北市,54.7,30.6,53.2,53.2,49.267,55.259,55.436,55.436
2026-07-28 03:00:00,前金測站,高雄市,前金測站,高雄市,87.2,53.9,83.1,83.1,81.667,85.716,86.46,86.46
2026-07-28 03:00:00,宜蘭測站,宜蘭縣,宜蘭測站,宜蘭縣,45.2,29.9,31.3,31.3,35.6,42.203,43.093,43.093
2026-07-28 03:00:00,桃園測站,桃園市,桃園測站,桃園市,61.7,39.6,74.6,74.6,64.833,69.307,66.366,66.366
2026-07-28 03:00:00,西屯測站,臺中市,西屯測站,臺中市,64.1,41.3,67.7,67.7,63.9,69.434,65.247,65.247
2026-07-28 03:00:00,花蓮測站,花蓮縣,花蓮測站,花蓮縣,17.6,17.0,34.4,34.4,38.6,35.197,37.207,37.207
2026-07-28 03:00:00,安南測站,臺南市,安南測站,臺南市,76.6,47.4,70.0,70.0,70.833,77.483,75.719,75.719
2026-07-28 04:00:00,安南測站,臺南市,安南測站,臺南市,70.0,48.3,85.4,85.4,72.333,77.207,77.283,77.283
2026-07-28 04:00:00,宜蘭測站,宜蘭縣,宜蘭測站,宜蘭縣,31.3,13.4,35.9,35.9,33.9,40.197,37.791,37.791
2026-07-28 04:00:00,西屯測站,臺中市,西屯測站,臺中市,67.7,41.8,66.0,66.0,62.033,71.877,70.345,70.345
2026-07-28 04:00:00,桃園測站,桃園市,桃園測站,桃園市,74.6,43.2,65.4,65.4,64.133,74.082,70.815,70.815
2026-07-28 04:00:00,花蓮測站,花蓮縣,花蓮測站,花蓮縣,34.4,18.5,32.2,32.2,29.733,38.326,37.735,37.735
2026-07-28 04:00:00,前金測站,高雄市,前金測站,高雄市,83.1,53.3,83.3,83.3,84.933,84.838,84.662,84.662
2026-07-28 04:00:00,松山測站,臺北市,松山測站,臺北市,53.2,30.2,55.6,55.6,52.967,56.05,55.215,55.215
2026-07-28 04:00:00,板橋測站,新北市,板橋測站,新北市,58.3,29.9,59.5,59.5,55.967,61.643,59.193,59.193
2026-07-28 05:00:00,前金測站,高雄市,前金測站,高雄市,83.3,48.4,78.4,78.4,85.167,85.071,88.774,88.774
2026-07-28 05:00:00,西屯測站,臺中市,西屯測站,臺中市,66.0,34.5,71.1,71.1,65.5,71.726,72.862,72.862
2026-07-28 05:00:00,松山測站,臺北市,松山測站,臺北市,55.6,31.1,53.9,53.9,54.5,57.18,58.508,58.508
2026-07-28 05:00:00,安南測站,臺南市,安南測站,臺南市,85.4,43.4,74.2,74.2,71.9,80.878,80.718,80.718
2026-07-28 05:00:00,宜蘭測站,宜蘭縣,宜蘭測站,宜蘭縣,35.9,16.5,40.9,40.9,36.167,39.08,39.579,39.579
2026-07-28 05:00:00,桃園測站,桃園市,桃園測站,桃園市,65.4,33.3,79.8,79.8,67.767,71.671,73.184,73.184
2026-07-28 05:00:00,花蓮測站,花蓮縣,花蓮測站,花蓮縣,32.2,16.5,44.3,44.3,28.833,39.13,37.772,37.772
2026-07-28 05:00:00,板橋測站,新北市,板橋測站,新北市,59.5,33.4,61.6,61.6,58.967,62.051,60.724,60.724
2026-07-28 06:00:00,安南測站,臺南市,安南測站,臺南市,74.2,46.8,74.4,74.4,77.333,78.886,80.599,80.599
2026-07-28 06:00:00,松山測站,臺北市,松山測站,臺北市,53.9,28.9,63.8,63.8,54.5,56.933,57.318,57.318
2026-07-28 06:00:00,桃園測站,桃園市,桃園測站,桃園市,79.8,40.8,75.9,75.9,67.233,75.845,76.632,76.632
2026-07-28 06:00:00,西屯測站,臺中市,西屯測站,臺中市,71.1,37.8,75.6,75.6,65.933,70.929,73.516,73.516
2026-07-28 06:00:00,前金測站,高雄市,前金測站,高雄市,78.4,48.5,99.3,99.3,84.533,81.961,83.093,83.093
2026-07-28 06:00:00,花蓮測站,花蓮縣,花蓮測站,花蓮縣,44.3,24.0,44.1,44.1,28.067,42.935,41.946,41.946
2026-07-28 06:00:00,宜蘭測站,宜蘭縣,宜蘭測站,宜蘭縣,40.9,24.3,43.5,43.5,37.467,41.426,43.34,43.34
2026-07-28 06:00:00,板橋測站,新北市,板橋測站,新北市,61.6,31.1,67.1,67.1,58.533,62.664,65.924,65.924
2026-07-28 07:00:00,松山測站,臺北市,松山測站,臺北市,63.8,40.9,41.5,41.5,54.233,60.1,58.791,58.791
2026-07-28 07:00:00,西屯測站,臺中市,西屯測站,臺中市,75.6,42.0,75.8,75.8,68.267,72.148,73.567,73.567
2026-07-28 07:00:00,前金測站,高雄市,前金測站,高雄市,99.3,52.6,81.2,81.2,81.6,86.434,87.8,87.8
2026-07-28 07:00:00,花蓮測站,花蓮縣,花蓮測站,花蓮縣,44.1,18.5,42.1,42.1,36.967,44.821,45.289,45.289
2026-07-28 07:00:00,板橋測站,新北市,板橋測站,新北市,67.1,32.7,75.7,75.7,59.8,64.9,67.08,67.08
2026-07-28 07:00:00,桃園測站,桃園市,桃園測站,桃園市,75.9,38.9,84.7,84.7,73.267,73.656,75.35,75.35
2026-07-28 07:00:00,安南測站,臺南市,安南測站,臺南市,74.4,42.8,79.1,79.1,76.533,78.46,78.469,78.469
2026-07-28 07:00:00,宜蘭測站,宜蘭縣,宜蘭測站,宜蘭縣,43.5,25.8,48.2,48.2,36.033,43.656,45.615,45.615
2026-07-28 08:00:00,板橋測站,新北市,板橋測站,新北市,75.7,37.1,71.2,71.2,62.733,66.202,68.447,68.447
2026-07-28 08:00:00,松山測站,臺北市,松山測站,臺北市,41.5,30.0,50.1,50.1,57.767,52.332,50.2,50.2
2026-07-28 08:00:00,安南測站,臺南市,安南測站,臺南市,79.1,52.8,157.0,157.0,78.0,77.511,80.607,80.607
2026-07-28 08:00:00,前金測站,高雄市,前金測站,高雄市,81.2,50.5,137.4,137.4,87.0,84.192,85.268,85.268
2026-07-28 08:00:00,西屯測站,臺中市,西屯測站,臺中市,75.8,48.4,74.4,74.4,70.9,72.156,75.024,75.024
2026-07-28 08:00:00,桃園測站,桃園市,桃園測站,桃園市,84.7,42.7,77.0,77.0,73.7,76.735,75.465,75.465
2026-07-28 08:00:00,宜蘭測站,宜蘭縣,宜蘭測站,宜蘭縣,48.2,18.0,48.1,48.1,40.1,44.02,47.832,47.832
2026-07-28 08:00:00,花蓮測站,花蓮縣,花蓮測站,花蓮縣,42.1,16.5,41.3,41.3,40.2,43.946,44.031,44.031
2026-07-28 09:00:00,宜蘭測站,宜蘭縣,宜蘭測站,宜蘭縣,48.1,19.0,39.4,39.4,44.2,43.276,43.356,43.356
2026-07-28 09:00:00,安南測站,臺南市,安南測站,臺南市,157.0,63.3,75.0,75.0,75.9,101.404,84.425,84.425
2026-07-28 09:00:00,西屯測站,臺中市,西屯測站,臺中市,74.4,49.4,75.1,75.1,74.167,72.243,72.928,72.928
2026-07-28 09:00:00,松山測站,臺北市,松山測站,臺北市,50.1,31.4,67.0,67.0,53.067,51.822,53.253,53.253
2026-07-28 09:00:00,板橋測站,新北市,板橋測站,新北市,71.2,40.2,62.9,62.9,68.133,66.781,67.882,67.882
2026-07-28 09:00:00,花蓮測站,花蓮縣,花蓮測站,花蓮縣,41.3,18.3,41.8,41.8,43.5,42.376,44.037,44.037
2026-07-28 09:00:00,桃園測站,桃園市,桃園測站,桃園市,77.0,38.2,72.0,72.0,80.133,74.77,74.66,74.66
2026-07-28 09:00:00,前金測站,高雄市,前金測站,高雄市,137.4,68.1,87.3,87.3,86.3,100.82,89.67,89.67
2026-07-28 10:00:00,安南測站,臺南市,安南測站,臺南市,75.0,42.9,78.5,78.5,103.5,88.212,79.746,79.746
2026-07-28 10:00:00,西屯測站,臺中市,西屯測站,臺中市,75.1,41.0,68.2,68.2,75.267,70.559,67.892,67.892
2026-07-28 10:00:00,花蓮測站,花蓮縣,花蓮測站,花蓮縣,41.8,20.2,38.5,38.5,42.5,40.228,42.776,42.776
2026-07-28 10:00:00,宜蘭測站,宜蘭縣,宜蘭測站,宜蘭縣,39.4,26.6,34.5,34.5,46.6,42.502,43.389,43.389
2026-07-28 10:00:00,松山測站,臺北市,松山測站,臺北市,67.0,37.5,47.9,47.9,51.8,58.528,55.107,55.107
2026-07-28 10:00:00,前金測站,高雄市,前金測站,高雄市,87.3,50.3,74.1,74.1,105.967,93.694,87.145,87.145
2026-07-28 10:00:00,桃園測站,桃園市,桃園測站,桃園市,72.0,46.3,69.6,69.6,79.2,71.479,71.521,71.521
2026-07-28 10:00:00,板橋測站,新北市,板橋測站,新北市,62.9,35.5,59.4,59.4,71.333,64.276,61.348,61.348
2026-07-28 11:00:00,安南測站,臺南市,安南測站,臺南市,78.5,46.2,71.4,71.4,103.7,81.084,77.376,77.376
2026-07-28 11:00:00,板橋測站,新北市,板橋測站,新北市,59.4,31.5,59.9,59.9,69.933,60.41,57.343,57.343
2026-07-28 11:00:00,松山測站,臺北市,松山測站,臺北市,47.9,31.8,54.3,54.3,52.867,55.012,52.349,52.349
2026-07-28 11:00:00,宜蘭測站,宜蘭縣,宜蘭測站,宜蘭縣,34.5,15.4,37.8,37.8,45.233,38.254,39.297,39.297
2026-07-28 11:00:00,西屯測站,臺中市,西屯測站,臺中市,68.2,36.6,69.9,69.9,75.1,69.433,65.818,65.818
2026-07-28 11:00:00,前金測站,高雄市,前金測站,高雄市,74.1,49.5,79.3,79.3,101.967,85.444,83.332,83.332
2026-07-28 11:00:00,桃園測站,桃園市,桃園測站,桃園市,69.6,36.9,70.4,70.4,77.9,70.545,72.456,72.456
2026-07-28 11:00:00,花蓮測站,花蓮縣,花蓮測站,花蓮縣,38.5,22.7,32.3,32.3,41.733,38.374,38.797,38.797
2026-07-28 12:00:00,安南測站,臺南市,安南測站,臺南市,71.4,46.3,77.1,77.1,103.5,74.079,75.689,75.689
2026-07-28 12:00:00,前金測站,高雄市,前金測站,高雄市,79.3,46.9,84.7,84.7,99.6,81.178,84.396,84.396
2026-07-28 12:00:00,西屯測站,臺中市,西屯測站,臺中市,69.9,40.2,70.3,70.3,72.567,68.906,66.809,66.809
2026-07-28 12:00:00,宜蘭測站,宜蘭縣,宜蘭測站,宜蘭縣,37.8,24.7,39.2,39.2,40.667,39.005,39.246,39.246
2026-07-28 12:00:00,松山測站,臺北市,松山測站,臺北市,54.3,32.2,52.6,52.6,55.0,54.647,54.635,54.635
2026-07-28 12:00:00,桃園測站,桃園市,桃園測站,桃園市,70.4,42.1,66.1,66.1,72.867,68.391,70.96,70.96
2026-07-28 12:00:00,花蓮測站,花蓮縣,花蓮測站,花蓮縣,32.3,22.6,37.8,37.8,40.533,36.098,32.7,32.7
2026-07-28 12:00:00,板橋測站,新北市,板橋測站,新北市,59.9,29.4,55.9,55.9,64.5,59.12,59.729,59.729
2026-07-28 13:00:00,宜蘭測站,宜蘭縣,宜蘭測站,宜蘭縣,39.2,19.9,39.5,39.5,37.233,36.963,39.677,39.677
2026-07-28 13:00:00,板橋測站,新北市,板橋測站,新北市,55.9,30.0,57.2,57.2,60.733,57.571,62.416,62.416
2026-07-28 13:00:00,花蓮測站,花蓮縣,花蓮測站,花蓮縣,37.8,22.4,44.6,44.6,37.533,36.666,35.198,35.198
2026-07-28 13:00:00,松山測站,臺北市,松山測站,臺北市,52.6,28.7,52.1,52.1,56.4,54.031,51.209,51.209
2026-07-28 13:00:00,桃園測站,桃園市,桃園測站,桃園市,66.1,44.5,55.3,55.3,70.667,68.65,72.345,72.345
2026-07-28 13:00:00,安南測站,臺南市,安南測站,臺南市,77.1,47.1,72.9,72.9,74.967,74.162,77.431,77.431
2026-07-28 13:00:00,西屯測站,臺中市,西屯測站,臺中市,70.3,40.0,79.9,79.9,71.067,67.699,67.989,67.989
2026-07-28 13:00:00,前金測站,高雄市,前金測站,高雄市,84.7,51.6,84.6,84.6,80.233,81.511,85.845,85.845
2026-07-28 14:00:00,宜蘭測站,宜蘭縣,宜蘭測站,宜蘭縣,39.5,18.9,43.9,43.9,37.167,39.042,42.981,42.981
2026-07-28 14:00:00,花蓮測站,花蓮縣,花蓮測站,花蓮縣,44.6,21.4,42.0,42.0,36.2,39.276,41.098,41.098
2026-07-28 14:00:00,桃園測站,桃園市,桃園測站,桃園市,55.3,38.5,73.5,73.5,68.7,65.458,65.602,65.602
2026-07-28 14:00:00,西屯測站,臺中市,西屯測站,臺中市,79.9,46.6,63.9,63.9,69.467,72.483,73.745,73.745
2026-07-28 14:00:00,前金測站,高雄市,前金測站,高雄市,84.6,52.8,94.5,94.5,79.367,85.411,87.792,87.792
2026-07-28 14:00:00,安南測站,臺南市,安南測站,臺南市,72.9,44.3,75.3,75.3,75.667,73.58,77.962,77.962
2026-07-28 14:00:00,松山測站,臺北市,松山測站,臺北市,52.1,25.6,52.5,52.5,51.6,54.706,52.985,52.985
2026-07-28 14:00:00,板橋測站,新北市,板橋測站,新北市,57.2,38.3,67.2,67.2,58.4,58.595,60.37,60.37
2026-07-28 15:00:00,安南測站,臺南市,安南測站,臺南市,75.3,45.7,76.1,76.1,73.8,74.461,78.661,78.661
2026-07-28 15:00:00,前金測站,高雄市,前金測站,高雄市,94.5,55.8,84.2,84.2,82.867,87.808,90.053,90.053
2026-07-28 15:00:00,西屯測站,臺中市,西屯測站,臺中市,63.9,37.5,73.3,73.3,73.367,70.395,69.607,69.607
2026-07-28 15:00:00,花蓮測站,花蓮縣,花蓮測站,花蓮縣,42.0,21.8,42.9,42.9,38.233,39.715,41.581,41.581
2026-07-28 15:00:00,桃園測站,桃園市,桃園測站,桃園市,73.5,38.6,64.4,64.4,63.933,70.316,72.802,72.802
2026-07-28 15:00:00,宜蘭測站,宜蘭縣,宜蘭測站,宜蘭縣,43.9,25.6,41.8,41.8,38.833,42.599,42.394,42.394
2026-07-28 15:00:00,松山測站,臺北市,松山測站,臺北市,52.5,27.6,58.1,58.1,53.0,52.257,51.616,51.616
2026-07-28 15:00:00,板橋測站,新北市,板橋測站,新北市,67.2,30.6,66.0,66.0,57.667,62.194,66.099,66.099
2026-07-28 16:00:00,安南測站,臺南市,安南測站,臺南市,76.1,42.7,82.2,82.2,75.1,82.896,81.466,81.466
2026-07-28 16:00:00,西屯測站,臺中市,西屯測站,臺中市,73.3,36.9,75.5,75.5,71.367,71.222,73.56,73.56
2026-07-28 16:00:00,前金測站,高雄市,前金測站,高雄市,84.2,51.7,97.8,97.8,87.933,90.274,87.929,87.929
2026-07-28 16:00:00,花蓮測站,花蓮縣,花蓮測站,花蓮縣,42.9,25.0,42.5,42.5,41.467,42.177,41.613,41.613
2026-07-28 16:00:00,松山測站,臺北市,松山測站,臺北市,58.1,31.1,53.5,53.5,52.4,53.1,57.378,57.378
2026-07-28 16:00:00,桃園測站,桃園市,桃園測站,桃園市,64.4,35.7,71.5,71.5,64.967,70.831,68.977,68.977
2026-07-28 16:00:00,板橋測站,新北市,板橋測站,新北市,66.0,38.2,73.9,73.9,60.1,66.796,67.541,67.541
2026-07-28 16:00:00,宜蘭測站,宜蘭縣,宜蘭測站,宜蘭縣,41.8,23.1,49.9,49.9,40.867,41.531,43.076,43.076
2026-07-28 17:00:00,松山測站,臺北市,松山測站,臺北市,53.5,30.0,66.2,66.2,54.233,55.09,54.862,54.862
2026-07-28 17:00:00,安南測站,臺南市,安南測站,臺南市,82.2,44.5,91.2,91.2,74.767,85.403,83.205,83.205
2026-07-28 17:00:00,花蓮測站,花蓮縣,花蓮測站,花蓮縣,42.5,24.0,35.8,35.8,43.167,42.158,43.064,43.064
2026-07-28 17:00:00,宜蘭測站,宜蘭縣,宜蘭測站,宜蘭縣,49.9,27.1,37.7,37.7,41.733,46.317,42.632,42.632
2026-07-28 17:00:00,桃園測站,桃園市,桃園測站,桃園市,71.5,38.2,82.0,82.0,64.4,72.937,73.745,73.745
2026-07-28 17:00:00,西屯測站,臺中市,西屯測站,臺中市,75.5,46.2,71.3,71.3,72.367,73.189,74.814,74.814
2026-07-28 17:00:00,板橋測站,新北市,板橋測站,新北市,73.9,39.9,65.9,65.9,63.467,69.112,67.513,67.513
2026-07-28 17:00:00,前金測站,高雄市,前金測站,高雄市,97.8,60.4,86.0,86.0,87.767,94.913,90.857,90.857
2026-07-28 18:00:00,桃園測站,桃園市,桃園測站,桃園市,82.0,42.7,85.4,85.4,69.8,76.373,77.47,77.47
2026-07-28 18:00:00,西屯測站,臺中市,西屯測站,臺中市,71.3,42.0,75.8,75.8,70.9,72.965,75.23,75.23
2026-07-28 18:00:00,松山測站,臺北市,松山測站,臺北市,66.2,34.4,62.1,62.1,54.7,59.682,60.312,60.312
2026-07-28 18:00:00,板橋測站,新北市,板橋測站,新北市,65.9,39.5,75.9,75.9,69.033,66.779,65.754,65.754
2026-07-28 18:00:00,宜蘭測站,宜蘭縣,宜蘭測站,宜蘭縣,37.7,16.7,50.8,50.8,45.2,42.212,40.083,40.083
2026-07-28 18:00:00,花蓮測站,花蓮縣,花蓮測站,花蓮縣,35.8,19.8,53.3,53.3,42.467,41.22,42.51,42.51
2026-07-28 18:00:00,前金測站,高雄市,前金測站,高雄市,86.0,51.9,92.5,92.5,92.167,91.596,87.1,87.1
2026-07-28 18:00:00,安南測站,臺南市,安南測站,臺南市,91.2,45.1,86.8,86.8,77.867,87.694,83.481,83.481
2026-07-28 19:00:00,松山測站,臺北市,松山測站,臺北市,62.1,32.9,77.0,77.0,59.267,58.483,56.43,56.43
2026-07-28 19:00:00,花蓮測站,花蓮縣,花蓮測站,花蓮縣,53.3,23.3,49.9,49.9,40.4,44.295,41.176,41.176
2026-07-28 19:00:00,板橋測站,新北市,板橋測站,新北市,75.9,38.3,63.3,63.3,68.6,70.282,67.189,67.189
2026-07-28 19:00:00,前金測站,高雄市,前金測站,高雄市,92.5,57.0,92.1,92.1,89.333,92.242,92.905,92.905
2026-07-28 19:00:00,宜蘭測站,宜蘭縣,宜蘭測站,宜蘭縣,50.8,25.8,52.8,52.8,43.133,44.01,44.072,44.072
2026-07-28 19:00:00,西屯測站,臺中市,西屯測站,臺中市,75.8,44.1,76.3,76.3,73.367,74.347,74.368,74.368
2026-07-28 19:00:00,桃園測站,桃園市,桃園測站,桃園市,85.4,43.4,76.6,76.6,72.633,79.004,76.199,76.199
2026-07-28 19:00:00,安南測站,臺南市,安南測站,臺南市,86.8,46.0,80.3,80.3,83.167,88.059,85.254,85.254
2026-07-28 20:00:00,桃園測站,桃園市,桃園測站,桃園市,76.6,45.5,71.2,71.2,79.633,76.461,73.66,73.66
2026-07-28 20:00:00,花蓮測站,花蓮縣,花蓮測站,花蓮縣,49.9,25.3,40.8,40.8,43.867,45.198,42.341,42.341
2026-07-28 20:00:00,西屯測站,臺中市,西屯測站,臺中市,76.3,37.8,68.9,68.9,74.2,73.901,72.435,72.435
2026-07-28 20:00:00,宜蘭測站,宜蘭縣,宜蘭測站,宜蘭縣,52.8,29.2,51.7,51.7,46.133,46.411,43.87,43.87
2026-07-28 20:00:00,安南測站,臺南市,安南測站,臺南市,80.3,45.3,76.3,76.3,86.733,85.808,84.342,84.342
2026-07-28 20:00:00,前金測站,高雄市,前金測站,高雄市,92.1,52.4,85.4,85.4,92.1,91.28,87.883,87.883
2026-07-28 20:00:00,板橋測站,新北市,板橋測站,新北市,63.3,33.8,66.9,66.9,71.9,65.612,65.091,65.091
2026-07-28 20:00:00,松山測站,臺北市,松山測站,臺北市,77.0,36.9,58.8,58.8,60.6,62.613,58.755,58.755
2026-07-28 21:00:00,安南測站,臺南市,安南測站,臺南市,76.3,48.6,76.1,76.1,86.1,82.619,80.22,80.22
2026-07-28 21:00:00,松山測站,臺北市,松山測站,臺北市,58.8,36.2,62.6,62.6,68.433,60.958,58.956,58.956
2026-07-28 21:00:00,宜蘭測站,宜蘭縣,宜蘭測站,宜蘭縣,51.7,19.9,46.3,46.3,47.1,45.543,43.535,43.535
2026-07-28 21:00:00,前金測站,高雄市,前金測站,高雄市,85.4,50.9,81.4,81.4,90.2,89.289,87.882,87.882
2026-07-28 21:00:00,花蓮測站,花蓮縣,花蓮測站,花蓮縣,40.8,22.7,42.5,42.5,46.333,42.936,39.835,39.835
2026-07-28 21:00:00,板橋測站,新北市,板橋測站,新北市,66.9,36.4,56.9,56.9,68.367,64.26,64.589,64.589
2026-07-28 21:00:00,桃園測站,桃園市,桃園測站,桃園市,71.2,41.0,64.9,64.9,81.333,72.012,70.821,70.821
2026-07-28 21:00:00,西屯測站,臺中市,西屯測站,臺中市,68.9,41.6,65.8,65.8,74.467,72.527,69.345,69.345
2026-07-28 22:00:00,板橋測站,新北市,板橋測站,新北市,56.9,30.3,60.5,60.5,68.7,59.623,59.698,59.698
2026-07-28 22:00:00,前金測站,高雄市,前金測站,高雄市,81.4,49.4,73.9,73.9,90.0,84.252,83.65,83.65
2026-07-28 22:00:00,松山測站,臺北市,松山測站,臺北市,62.6,35.3,48.7,48.7,65.967,59.356,59.83,59.83
2026-07-28 22:00:00,安南測站,臺南市,安南測站,臺南市,76.1,48.7,87.4,87.4,81.133,76.567,72.783,72.783
2026-07-28 22:00:00,宜蘭測站,宜蘭縣,宜蘭測站,宜蘭縣,46.3,23.6,39.5,39.5,51.767,44.294,41.782,41.782
2026-07-28 22:00:00,花蓮測站,花蓮縣,花蓮測站,花蓮縣,42.5,22.3,31.5,31.5,48.0,41.355,37.653,37.653
2026-07-28 22:00:00,桃園測站,桃園市,桃園測站,桃園市,64.9,41.3,78.0,78.0,77.733,67.742,71.068,71.068
2026-07-28 22:00:00,西屯測站,臺中市,西屯測站,臺中市,65.8,39.8,75.9,75.9,73.667,70.043,69.003,69.003
